wohnflaeche_qm,preis_usd
109.6,221900
238.8,538000
71.5,180000
182.1,604000
156.1,510000
503.5,1225000
159.3,257500
98.5,291850
165.4,229500
175.6,323000
330.7,662500
107.8,468000
132.9,310000
127.3,400000
168.2,530000
274.1,650000
175.6,395000
148.6,485000
111.5,189000
116.1,230000
150.5,385000
283.4,2000000
210.9,285000
99.4,252700
227.6,329000
158.9,233000
227.6,937000
130.1,667000
141.2,438000
238.8,719000
215.5,580500
110.6,280000
216.5,687500
101.3,535000
191.4,322500
213.7,696000
154.2,550000
219.3,640000
113.3,240000
243.4,605000
238.8,625000
392.1,775000
334.0,861990
145.9,685000
118.9,309000
293.6,488000
92.0,210490
212.7,785000
116.1,450000
255.8,1350000
110.6,228000
292.6,345000
131.0,600000
183.9,585000
253.6,920000
262.9,885000
209.0,292500
224.8,301000
301.9,951000
171.9,430000
199.7,650000
117.1,289000
234.0,505000
143.1,549000
154.2,425000
257.3,317625
252.7,975000
208.1,287000
92.9,204000
297.3,1325000
443.1,1040000
117.1,325000
255.5,571000
221.1,360000
166.3,349000
318.7,832500
163.5,380000
96.6,480000
131.0,410000
320.5,720000
218.3,390000
176.5,360000
187.7,355000
156.1,356000
89.2,315000
198.8,940000
247.1,305000
257.3,461000
149.6,215000
95.7,335000
183.9,243500
327.0,1099880
111.5,153000
146.8,430000
146.8,700000
306.6,905000
182.1,247500
107.8,199000
168.2,314000
215.5,437500
192.3,850830
183.9,555000
203.5,699950
271.3,1088000
112.4,290000
217.4,375000
155.1,460000
115.2,188500
291.7,680000
188.6,470000
214.6,597750
117.1,570000
143.1,272500
193.2,329950
300.1,480000
406.9,740500
147.7,518500
81.8,205425
145.9,171800
149.6,535000
223.0,660000
134.7,391500
71.5,395000
195.1,445000
270.3,770000
255.5,1450000
195.1,445000
200.7,260000
215.5,822500
192.3,430000
98.5,212000
186.7,660500
367.0,784000
186.7,453246
198.8,675000
122.6,199000
187.7,220000
240.6,452000
110.6,382500
108.7,519950
103.1,665000
262.0,527700
149.6,205000
98.5,420000
188.6,500000
341.0,921500
236.9,890000
224.8,430000
210.0,258000
132.9,511000
126.3,532170
103.1,560000
116.1,282950
481.2,2250000
65.0,350000
109.6,215000
367.9,650000
245.3,320000
118.0,247000
163.5,320000
191.4,255000
165.4,438000
315.9,900000
177.4,441000
187.7,420000
146.8,370000
124.5,269950
249.0,807100
249.0,653000
127.3,371500
144.9,284000
200.7,272000
124.5,313000
360.5,917500
240.6,673000
104.1,425000
183.0,399950
113.3,385000
181.2,269950
125.4,330000
155.1,260000
221.1,470000
226.7,589000
97.5,163500
290.8,835000
380.0,1095000
138.4,269000
176.5,560000
123.6,615000
207.2,585188
153.3,305000
110.6,166950
198.8,799000
202.5,400000
98.5,230000
157.0,256883
183.0,423000
199.7,465000
177.4,440000
125.4,385000
79.9,210000
180.2,297000
93.8,470000
120.8,226500
84.5,274250
230.4,840000
226.7,677900
93.8,425000
83.6,180250
213.7,464000
144.0,320000
118.0,625504
208.1,592500
252.1,465000
159.8,477000
79.0,280000
306.6,1505000
209.0,445838
362.3,1072000
122.6,467000
256.4,686000
162.6,279950
216.5,527000
206.2,325000
187.7,328000
116.1,390000
140.3,479950
159.8,264950
132.9,235000
137.5,516500
134.7,655000
211.8,500000
273.1,315000
92.9,213000
230.4,475000
349.3,1025000
206.2,416000
183.0,410000
355.8,800000
409.7,472000
132.9,225000
77.1,210000
132.9,455000
120.8,225000
95.7,480000
254.6,363000
339.1,2400000
66.9,181000
186.7,250000
144.9,481000
168.2,260000
312.2,455000
140.3,415000
130.1,349500
160.7,245000
131.9,592500
219.3,385000
146.8,315000
114.3,255000
228.5,693000
154.2,780000
118.0,237000
195.1,525000
71.5,425000
70.6,369900
157.9,290000
104.1,285000
99.4,415000
192.3,272500
469.2,2900000
493.3,1365000
96.6,436000
157.9,210000
120.8,236000
100.3,331000
246.5,365000
212.7,450000
354.9,770000
205.3,455000
222.0,405000
241.5,304900
79.9,170000
355.8,2050000
325.2,780000
224.8,330000
252.7,370000
232.3,467000
155.1,405000
269.4,675000
152.4,500000
175.6,389999
274.1,630000
200.7,360000
304.7,580000
183.0,550000
312.2,879000
122.6,265000
246.2,446500
188.6,404000
147.7,267500
422.7,3075000
226.7,335000
180.2,576000
189.5,208633
204.4,315000
178.4,725000
167.2,550000
202.5,610750
93.8,550700
308.4,665000
220.2,834000
154.2,201000
339.1,2384000
398.6,1384000
398.6,1400000
181.2,305000
240.6,487000
179.3,390000
136.6,548000
74.3,268750
292.6,819900
188.6,520000
134.7,230000
140.3,240000
115.2,232000
115.2,240500
281.5,274975
190.5,740000
92.9,186375
220.2,790000
260.1,880000
208.1,279000
168.2,295000
99.4,640000
231.3,940000
182.1,260000
272.2,559900
140.3,791500
131.9,265000
161.7,245000
237.8,485000
282.4,684000
232.3,425000
118.5,309600
239.7,552250
92.9,165000
92.9,239900
99.4,320000
129.1,206600
232.3,387000
52.0,299000
210.9,855000
176.5,315000
92.0,437500
144.0,252000
204.4,375000
177.4,300000
162.6,420000
123.6,900000
226.7,679900
152.4,463000
256.4,380000
169.1,329500
196.0,604950
282.4,795000
170.9,465000
277.8,673000
327.0,810000
226.7,785000
194.2,338000
132.9,280000
202.5,315000
202.5,530000
320.5,380000
134.7,297000
300.1,730000
152.4,450000
147.7,275000
187.7,595000
120.8,435000
128.2,270000
375.3,950000
197.9,389000
236.9,560000
445.9,1350000
233.2,799000
131.0,365500
153.3,252350
197.0,403950
189.5,385000
144.0,345000
183.9,490000
148.6,330000
306.6,927000
356.7,1118000
113.3,330000
252.7,530000
180.2,365000
200.7,378750
142.1,269900
158.9,557000
346.5,360000
87.3,352000
162.6,437000
169.1,322500
140.3,650000
119.8,450000
145.9,278500
179.3,364950
263.8,840000
144.0,268000
77.4,517534
277.8,632925
185.8,577500
222.0,339000
270.3,570000
193.7,563500
204.4,423000
172.8,355000
563.9,1550000
88.3,482000
148.6,625000
209.0,538000
211.8,380000
87.3,375000
142.1,245000
203.5,310000
218.3,1300000
133.8,397000
204.4,365000
212.7,328500
375.3,988000
242.5,1000000
138.4,237000
227.6,525000
158.9,749000
452.4,722500
290.8,843000
118.0,438000
197.0,578000
155.1,227950
192.3,196000
131.9,641000
116.1,350000
87.3,205000
178.4,400000
329.3,1030000
117.1,505000
217.4,475000
240.6,520000
368.8,1450000
113.3,333500
130.1,232000
219.3,691100
173.7,811000
262.9,551000
210.0,496500
183.0,705000
291.7,578000
115.2,255000
320.5,1050000
238.8,348000
140.3,230000
222.0,359500
91.0,330000
39.9,80000
137.5,465000
171.9,325000
210.9,340500
168.2,342500
149.6,290900
356.7,868700
381.8,1199000
389.3,1150000
314.9,859900
175.6,520000
149.6,460000
97.5,438924
58.5,315000
270.3,590000
157.9,378500
181.2,328500
277.8,849950
125.4,525000
451.5,1385000
200.7,295000
451.5,1067000
82.7,207950
261.1,699900
315.9,1280000
146.8,452000
156.1,370000
120.8,232000
262.0,669950
140.3,397500
114.3,490000
196.0,725000
286.1,299000
138.4,625000
197.0,437500
295.4,650000
138.4,475000
179.3,342000
257.3,1197350
155.1,280000
123.6,240000
112.4,529000
110.6,442000
143.1,615000
374.4,1485000
225.8,585000
241.5,480000
409.7,1095000
123.6,290000
176.5,615000
102.2,300000
183.9,308000
223.0,750000
442.2,2250000
295.4,890000
110.6,288000
58.5,190000
235.0,515000
157.0,235000
87.3,275000
115.2,727500
282.4,650000
562.1,1600000
147.7,365000
232.3,662000
165.4,270500
126.3,200000
440.4,970000
93.8,160000
96.6,204000
149.6,358000
145.9,452000
140.3,595000
126.3,249000
183.0,346900
502.0,2125000
144.9,280000
215.5,318888
197.0,530000
197.0,375000
311.2,910000
221.1,782000
99.4,259950
213.7,315000
122.6,215000
202.5,705000
406.9,1450000
166.3,451000
69.7,261000
120.8,396000
277.8,725000
431.1,1950000
130.1,238000
255.5,750000
190.5,331500
207.2,460000
217.4,404950
266.6,880000
382.8,863000
193.2,638700
170.9,435000
109.6,260000
200.7,671500
109.6,610000
107.8,405000
170.0,338900
297.3,720000
237.8,442000
236.9,650000
123.6,263500
113.3,300000
167.7,266000
562.1,930000
215.5,530000
128.6,180000
252.7,619000
169.1,264000
197.9,730000
191.4,439000
131.9,268500
140.3,330000
200.7,640000
295.4,900000
196.0,370000
191.4,685000
170.0,505000
169.1,265000
149.6,290000
165.4,296000
170.9,360000
135.6,240500
130.1,372500
313.1,595000
333.5,515000
297.3,1220000
155.1,507000
224.8,399950
132.9,185000
133.8,460000
134.7,435500
329.8,469000
118.0,531000
87.3,443500
155.1,223000
288.0,590000
102.2,340000
173.7,650000
179.3,533600
236.0,695000
118.9,242000
169.1,425000
138.4,525000
174.7,485000
116.1,175000
133.8,210000
178.4,260000
191.4,577000
112.4,200000
163.5,605000
92.0,325000
89.2,289500
154.2,559950
176.5,1042500
118.0,543500
301.9,480000
89.2,218000
123.6,565000
193.2,426700
249.9,650000
82.7,542000
99.4,415000
111.5,214000
126.3,245000
190.5,314500
278.7,1120000
120.8,378000
209.0,305000
347.5,595000
154.2,729500
219.3,430000
163.5,240000
156.1,545000
122.6,530000
80.8,157000
117.1,425000
92.9,220000
187.7,521000
178.4,325000
199.7,597500
136.6,337000
295.4,1000000
365.1,3070000
92.0,495000
257.3,748000
116.1,888000
105.9,269900
209.0,496500
152.4,475000
116.6,312000
119.8,323000
120.8,331000
113.3,306000
244.3,655000
181.2,290000
293.6,1250000
144.0,460000
157.9,435000
233.2,664000
167.2,865000
167.2,385000
173.7,497000
93.8,280000
104.1,188000
194.2,478500
406.0,1145000
133.8,222000
239.7,799000
296.4,609900
221.1,413000
131.9,400000
277.8,802541
249.0,320000
253.6,507000
113.3,387500
139.4,396000
170.0,373000
424.6,1484900
229.5,359900
74.3,410000
269.4,690000
131.0,245000
262.9,700000
156.1,268000
163.5,225000
208.1,980000
128.2,795000
76.2,195000
202.5,480000
130.1,485000
81.8,130000
98.5,325000
142.1,440000
230.4,550000
138.4,310000
340.0,530000
217.4,390000
134.7,243000
205.3,639000
105.0,215000
144.0,405000
158.9,250000
93.8,405500
247.1,452000
247.1,730000
120.8,267000
155.1,289950
89.2,565000
433.9,1578000
198.8,636000
234.1,350000
153.3,320000
133.8,210000
97.5,245000
136.6,328000
393.0,985000
183.0,501000
143.1,315000
194.2,403000
221.1,550000
200.3,347500
192.3,365000
177.4,588000
178.4,605000
315.9,1300000
130.1,233000
205.3,360000
108.7,459000
195.1,740000
107.8,305000
139.4,395000
273.1,560000
186.7,650000
201.6,449950
132.9,517500
140.3,435000
106.8,329999
199.7,950000
127.3,447000
221.1,699800
127.3,850000
148.6,316500
348.4,942500
367.0,1310000
223.0,856600
262.9,405600
226.7,565000
110.6,400000
130.1,330000
253.6,374950
222.0,405300
191.4,560000
231.3,824000
102.2,260000
225.8,760000
294.5,405000
245.3,429900
105.0,341500
180.2,465250
102.2,450000
111.5,390000
185.8,420000
175.6,269950
177.4,493000
251.8,370000
451.5,2250000
116.1,305000
147.7,400000
115.2,320000
185.8,715000
335.4,650000
179.3,218000
118.9,500000
194.2,460000
180.2,232500
167.2,408200
160.7,522000
261.1,675000
329.8,1355000
123.6,249950
69.7,210000
163.5,429950
297.3,737500
161.7,710000
195.1,470000
396.7,1100000
124.5,650000
296.4,1216000
151.4,422120
277.8,625000
144.0,385200
157.0,500000
182.1,308000
222.0,565000
241.5,581000
181.2,361000
116.1,345000
109.6,419000
156.1,347000
206.2,625000
454.3,2400000
247.1,379000
106.8,310000
105.0,250000
256.4,682000
132.9,246500
138.4,325000
188.6,310950
279.6,1100000
168.2,287500
168.2,431000
90.1,226000
186.7,825000
120.8,175000
117.1,465750
242.5,659000
177.4,595000
165.4,350000
176.5,270000
227.6,662500
128.2,249900
178.4,324500
125.4,430000
125.4,419950
233.2,285000
229.5,332000
154.2,282000
124.5,320000
150.5,428750
213.7,330000
185.8,456500
152.4,352000
142.1,664000
371.6,628000
149.6,512000
192.3,254000
176.5,535800
97.5,287653
141.2,438000
222.0,450000
223.0,327000
166.3,370500
159.8,265000
276.9,450000
141.2,425000
106.8,166600
35.3,245000
84.5,565000
153.3,539900
230.4,910000
190.5,280000
131.9,275000
321.4,467000
139.4,457500
122.6,381156
202.5,289999
170.0,642450
150.5,469950
271.3,795000
306.6,785000
284.3,860000
284.7,1095000
142.1,147500
177.4,390000
94.8,229000
106.8,185000
117.1,414900
178.4,200000
167.2,225000
189.5,720000
204.4,930000
297.3,1270000
223.0,700000
105.9,466000
123.6,374000
180.2,480000
278.7,740000
169.1,1010000
270.3,395000
101.3,340000
114.3,209000
158.9,431650
293.6,980000
249.0,660000
203.5,730000
117.1,291500
275.9,905000
238.8,800000
354.0,839900
93.8,200000
137.5,300000
116.1,530000
153.7,314950
131.0,255000
200.7,550000
130.1,435000
131.9,234000
232.3,615000
131.0,205000
195.1,384000
162.6,324000
192.3,645000
145.9,570000
178.4,324000
92.9,270000
197.0,290000
133.8,250000
154.2,342000
124.5,255000
221.1,800000
144.9,451000
258.3,990000
172.8,288400
222.0,420000
127.3,359000
238.8,390000
122.6,300000
234.1,545000
116.1,288349
144.9,299900
216.5,891000
340.0,1200000
259.2,378000
98.5,299995
187.7,253000
146.8,350000
187.7,565000
90.1,315000
138.4,570000
407.8,971000
255.5,915000
199.7,419000
168.2,260000
207.2,1321500
225.8,369950
341.9,1029900
131.0,435000
123.6,601000
138.4,460500
187.7,720000
290.8,851000
248.1,550000
183.9,700000
195.1,323000
125.4,345500
198.8,378000
205.1,650000
93.8,385000
90.1,425000
141.2,210000
254.6,630000
145.9,335000
122.6,196500
236.9,582800
144.9,440000
219.3,752500
123.6,532500
99.4,265000
140.3,397500
158.9,524250
259.2,765000
243.4,648000
275.9,469500
97.5,237500
118.9,216000
95.7,427200
176.5,280000
285.2,718000
163.5,420000
86.4,379000
81.8,326100
126.3,535000
197.9,283000
137.5,260000
139.4,399000
155.1,484950
191.4,640000
200.7,585000
258.3,645000
138.4,253000
68.7,178500
172.8,291000
147.7,199950
79.0,553500
95.7,189950
171.9,289000
170.0,700000
144.9,270000
160.7,258000
179.3,530000
132.1,245000
128.2,563000
225.8,515000
242.5,325000
185.8,540000
85.5,280300
162.6,460000
187.7,475000
228.5,900000
165.4,538200
100.3,429000
116.1,164808
173.7,520000
157.9,475000
137.5,283000
179.3,321500
290.8,840000
127.3,287000
89.2,375000
117.1,349500
137.5,446450
179.3,315000
80.8,271310
120.8,315000
138.4,245000
128.2,543115
110.6,900000
394.8,2450000
178.4,554000
193.2,249900
299.1,768000
341.9,980000
192.3,395000
137.5,415000
185.8,380000
144.9,566000
148.6,218500
180.2,550000
143.1,512031
76.2,197500
165.4,470000
144.9,590000
205.3,465000
189.5,499000
178.4,515000
179.3,716500
157.9,410000
320.5,850000
319.6,1050000
221.1,648000
223.0,620000
526.8,935000
105.9,379000
155.1,699000
177.4,528000
144.9,425000
139.4,249500
415.7,1035480
263.8,790000
94.8,399950
131.0,275000
141.2,550000
67.8,140000
110.6,250000
131.0,318000
115.2,505000
232.3,470500
97.5,360000
249.0,1242500
221.1,986000
98.5,515000
213.7,320000
186.7,310000
101.3,356700
215.5,775000
96.6,325000
168.2,208000
106.8,825000
219.3,515000
183.0,490000
249.9,675000
193.2,360000
193.2,550000
127.3,225000
316.8,500000
171.9,385000
279.6,837700
142.1,448000
249.9,730000
261.1,575000
168.2,430000
144.9,435000
93.8,241000
92.9,453500
92.0,285000
66.9,151000
563.9,1570000
210.9,631000
128.2,285000
117.1,195000
270.3,817500
168.2,550000
293.6,1127000
177.4,609850
114.3,200000
275.0,367000
204.4,285167
118.0,275000
236.0,350900
281.5,660000
141.2,525000
144.9,262000
90.1,690000
331.7,624000
125.4,353000
344.7,552500
132.9,224500
87.3,239000
399.5,975000
370.7,1200000
128.2,505000
187.7,302000
137.5,170000
110.6,195000
236.9,272000
236.9,369000
139.4,332500
278.7,515000
157.0,269000
407.8,1278000
144.9,303000
273.1,420000
105.0,400000
94.8,225000
121.7,219000
238.8,605000
187.7,625000
156.1,380000
164.4,620000
296.4,687500
133.8,225500
106.8,252500
172.8,510000
225.8,510000
180.2,725000
62.2,75000
81.8,492000
179.3,425000
289.9,1955000
170.0,298900
300.1,699000
65.0,310000
93.8,350000
228.5,790000
207.2,305000
145.9,315000
222.0,267500
321.4,1750000
223.0,435000
273.1,482500
744.2,5110800
145.9,439995
141.2,460000
99.4,194000
40.9,290000
226.7,274700
247.1,900000
414.3,1150000
186.7,605000
134.7,359000
130.1,850000
139.4,505000
232.3,565000
118.9,585000
314.0,328000
270.3,749950
284.3,826000
123.6,535000
306.6,925000
301.9,875000
235.0,902000
170.0,423000
108.7,235000
272.2,545000
114.3,343000
150.5,334950
163.5,405000
133.8,220000
161.7,173000
118.0,655000
81.8,406000
237.8,632000
143.1,357000
106.8,361000
71.5,277000
428.3,630000
171.9,254000
170.9,472800
138.4,263000
138.4,510000
89.2,179950
146.8,525000
117.1,479000
180.2,651000
231.3,949000
234.1,392400
163.5,585000
389.3,460000
108.7,470000
148.6,245000
256.4,500000
194.2,455000
215.5,485500
381.8,1875000
71.5,100000
131.0,307000
340.0,475000
202.5,330000
103.1,130000
211.8,320000
262.0,735000
145.9,365000
111.5,234000
158.9,211000
278.7,680000
260.1,457000
152.4,349000
188.6,360000
235.0,350000
92.0,208000
73.4,250275
73.4,435000
167.2,270000
153.3,438000
183.9,659000
217.4,645000
259.2,685100
260.1,350000
170.9,375000
125.4,170000
281.5,880000
183.9,410500
342.8,780000
346.7,1225000
140.3,449000
185.8,546000
163.5,317000
118.0,276900
243.4,399000
244.3,495000
210.9,258000
223.9,600000
104.1,265000
281.5,321000
197.0,682000
159.8,295700
199.7,609000
406.9,995000
186.7,530000
292.6,614000
232.3,390000
157.0,467000
306.6,484000
115.2,340000
204.4,302495
150.5,532500
224.8,441500
249.0,470000
394.8,2300000
223.0,590000
213.7,320000
85.5,363000
218.3,747500
244.3,750000
201.6,831000
157.9,403000
229.5,445000
116.1,345000
288.9,2260000
142.1,371025
89.2,355000
115.2,270000
226.7,425000
215.5,364808
146.8,320000
275.3,325000
229.5,350000
127.3,170000
89.2,255000
105.0,550000
458.0,835000
106.8,420000
203.5,925000
138.4,389250
241.5,748000
142.1,284000
156.1,588000
156.1,372500
176.5,285000
145.9,360000
127.3,275000
125.4,428000
279.6,847000
93.8,316000
190.5,375000
155.1,533000
356.7,556000
206.2,225000
240.6,537250
109.6,255000
274.1,530000
686.6,5300000
199.7,595000
195.1,548000
153.3,234975
150.5,600000
162.6,432000
128.2,455000
140.3,279950
148.6,267500
170.9,620000
77.1,110000
168.2,625000
84.5,389000
197.0,1200000
233.2,788500
195.1,567000
249.9,515000
225.8,605000
227.8,430000
144.0,805000
193.2,567500
119.8,647500
171.9,495000
313.1,825000
253.6,435000
120.8,445950
282.4,960000
226.7,780000
159.8,274500
300.1,729953
111.5,464950
218.3,620000
288.0,735000
189.5,450000
185.8,450000
200.7,842500
183.0,360000
210.9,585000
171.9,461000
125.4,345000
304.7,1075000
210.9,643000
262.0,690000
111.5,282000
185.8,549000
214.6,815000
431.1,2200000
216.5,700000
366.0,933399
133.8,290000
182.1,372000
116.1,450000
184.0,303700
226.7,672000
106.8,334000
104.1,260000
167.2,749950
221.1,330000
271.3,830000
259.2,1131000
144.9,320000
144.0,260000
157.9,225000
59.5,279200
249.0,520000
172.8,505000
138.4,234000
229.5,503000
222.0,606000
114.3,433500
263.8,250000
197.0,719000
164.4,381000
231.8,267000
108.7,275000
254.6,651000
97.5,439000
105.0,325000
81.8,490000
223.2,519900
316.8,545000
494.2,1062500
176.5,542000
168.2,465000
111.5,408000
191.4,292000
116.1,253000
84.5,280000
237.8,658588
178.4,635000
208.1,439000
117.1,300000
126.3,345000
195.1,283500
196.0,425000
205.3,685000
219.3,750000
118.9,245000
254.6,585444
254.6,706000
244.3,445000
153.3,241000
164.4,1175000
139.4,530000
132.9,350000
296.4,1700000
118.9,389000
222.0,799000
375.3,1400000
85.5,340895
253.6,780000
122.6,350000
243.4,470000
295.4,914600
269.4,354000
176.5,470000
163.5,715000
70.6,265000
344.7,2537000
142.1,640000
184.9,290000
355.8,480000
189.5,535000
201.6,907000
150.5,459000
334.5,1355000
136.6,264950
163.5,352950
207.2,491500
350.2,1229000
111.5,369500
194.2,566000
139.4,290000
743.2,5350000
80.8,180000
93.8,215000
93.8,302000
172.8,352500
123.6,235867
163.5,500000
167.2,382000
157.0,515000
61.3,250000
223.0,672500
280.6,755000
139.4,707500
144.9,459000
101.3,140000
90.1,495000
296.4,757000
296.4,765000
175.6,359000
97.5,440000
129.1,400000
157.9,652000
97.5,260000
310.3,1328000
143.1,519500
158.9,650000
195.1,280000
160.7,515000
139.4,400000
221.1,652100
202.5,235000
170.9,701000
217.5,640000
157.0,455800
231.3,504750
226.7,483000
85.5,530000
95.7,250000
185.8,229950
391.1,884744
149.6,514000
177.4,532000
247.1,423000
76.2,420000
160.7,521000
219.3,577000
90.1,425000
228.5,495000
249.9,340000
169.1,499950
322.4,1218000
313.1,720000
157.9,249000
124.5,206135
185.8,300000
356.7,612000
361.4,1102030
113.3,230000
211.8,850000
257.3,355000
234.1,442000
284.3,399000
222.0,360000
122.6,390000
269.4,413000
65.0,190000
205.3,432900
202.5,621138
193.2,270000
194.2,610000
159.8,500000
228.5,715000
136.6,264000
153.3,550000
157.0,337000
90.1,170000
188.6,405000
236.0,775000
145.9,425000
239.7,713000
194.2,555000
302.9,810000
355.8,1250000
197.9,819000
157.0,409900
165.4,935000
150.5,657500
391.1,900000
276.9,932800
138.4,391000
196.0,420000
609.7,1300000
140.3,415000
170.0,350000
114.3,375000
202.5,860000
206.2,495000
160.7,250000
184.9,365000
143.1,503000
102.2,150000
152.4,450000
240.6,355000
134.7,245000
109.6,265900
169.1,299000
219.3,957500
104.1,343000
152.9,307500
391.1,937500
230.4,610000
147.7,720000
197.9,610000
153.3,434500
287.1,602500
202.5,607010
167.2,610000
345.6,828500
102.2,199990
142.1,294000
279.6,789500
325.2,797000
288.0,539950
185.8,284950
212.7,776500
223.0,525000
171.9,303000
341.9,722080
98.5,140000
98.5,235000
149.6,440000
216.5,605000
112.4,380000
142.1,352000
210.9,420000
240.6,1175000
171.9,1375000
139.4,300000
440.4,1150000
158.9,453500
178.4,443500
106.8,332000
215.5,655000
131.9,475000
144.0,372500
271.3,1050000
150.5,500000
213.7,900000
99.4,327500
166.3,390000
140.3,451101
124.5,455000
311.2,650000
232.3,895000
218.3,800000
236.9,703770
122.6,249950
118.0,512000
323.3,780000
262.0,336000
196.0,285000
102.2,229900
178.4,667500
175.6,378000
235.0,454000
236.9,537500
144.0,425000
163.5,290000
118.0,349500
116.1,370000
150.5,549500
66.0,245000
99.4,208000
215.5,248000
506.3,610000
155.1,550000
279.6,750000
124.5,192000
73.4,169317
315.9,1198000
142.1,880000
86.4,210000
143.1,180500
184.9,540000
213.7,520000
113.3,177500
221.1,415000
187.7,495000
175.6,325000
123.6,440000
138.4,411000
329.8,810000
189.5,561750
221.1,835100
165.4,450000
153.3,238000
140.3,299000
102.2,570000
203.5,340000
163.5,450000
167.2,272750
185.8,520000
92.0,284950
137.5,255000
111.5,231500
278.7,415000
325.5,330000
120.8,365000
123.6,425000
171.9,400000
208.1,335000
117.1,342000
260.1,490000
169.1,331500
160.7,960000
311.2,720500
313.1,830000
115.2,662990
217.4,220000
174.7,349950
168.2,550000
217.4,396000
262.0,635000
94.8,293000
194.2,339000
170.0,285000
276.9,775000
148.6,224000
412.5,2250000
111.5,165050
114.3,275000
272.2,445000
220.2,510000
282.4,1230000
149.6,390000
218.3,460000
185.8,700000
327.9,874150
206.2,470000
185.8,374000
112.4,510000
105.9,467000
226.7,576000
144.9,196440
298.2,825000
86.4,281000
165.6,326000
161.7,340000
342.8,440000
272.2,749000
114.3,340000
185.8,561000
141.2,270000
96.6,600000
104.1,219900
280.6,617000
169.1,469000
127.3,229000
290.8,1265000
152.4,365000
246.2,429000
264.8,550000
169.1,453000
109.6,187500
174.7,520500
118.9,300000
289.9,799000
229.5,338000
157.9,800000
109.6,360000
260.1,442500
120.8,700000
282.4,830000
151.4,360400
124.5,345000
170.0,300000
115.2,350000
232.3,368000
163.5,264000
247.1,435000
191.4,200000
236.0,620000
448.7,1679000
130.1,337000
397.6,1928000
207.2,544500
63.2,252000
217.4,445000
192.3,379500
177.4,189950
88.3,469000
270.3,600000
272.2,785000
242.5,372000
360.5,445000
308.4,508000
180.2,780000
233.2,541100
247.1,729000
158.9,397000
122.6,451555
89.2,300000
166.3,416000
88.3,490000
273.1,480000
86.4,368000
424.6,1038000
220.2,545000
318.7,850000
328.9,550000
208.1,600000
251.8,535000
247.1,599950
236.0,531000
205.3,530000
331.7,597326
320.5,805000
216.5,390000
157.0,487250
95.7,301000
237.8,1175000
181.2,299000
406.0,2350000
218.3,400000
293.6,467500
225.8,305000
124.5,210000
93.8,300000
164.4,327500
112.4,269000
309.4,975000
115.2,355000
116.1,712000
275.0,883000
78.0,190000
142.1,443000
348.4,920000
199.7,285000
144.9,901000
189.5,552500
79.9,256000
159.8,341000
194.2,279000
197.9,686000
120.8,225000
113.3,215500
224.8,950000
273.1,503000
242.5,780000
174.7,212000
216.5,580000
204.4,465000
159.8,206000
209.0,615000
152.4,519000
383.7,1135000
241.5,330000
178.4,240000
191.4,574000
530.5,930000
252.7,850000
138.4,415000
219.3,480000
180.2,300000
238.8,439000
107.8,450000
247.1,589000
117.1,477000
165.4,587500
295.4,1315000
314.0,1430000
249.9,700000
109.6,275000
154.2,367500
210.0,453250
177.4,607000
225.8,255000
120.8,501000
98.5,450000
204.4,360000
159.8,460000
219.3,753000
76.2,389950
95.7,469000
188.6,550000
250.8,565000
102.2,189650
336.3,1525000
124.5,260000
166.3,243000
355.8,1100000
146.8,249000
187.7,720000
309.4,905000
242.5,824500
242.5,762500
161.7,580000
170.9,380000
100.3,805000
115.2,520000
522.1,1569500
108.7,175000
163.5,353500
207.2,500000
141.2,386500
134.7,210000
148.6,439500
299.1,315000
170.0,339000
204.4,655000
201.6,740000
176.5,685000
275.0,550000
158.9,405000
243.4,765000
198.8,625000
195.1,207000
195.1,370000
135.6,475000
92.0,365000
203.5,411800
370.7,668000
217.4,618000
228.5,247500
193.2,345000
157.9,616300
123.6,348000
151.4,425000
271.3,850000
262.9,820000
296.4,832000
138.4,835000
151.4,350000
211.8,349000
279.6,1125000
147.7,320000
116.1,150000
158.9,340000
304.7,785500
312.3,410500
204.4,580000
77.1,345000
200.7,550000
239.7,449500
199.7,300000
326.1,915000
354.0,1575000
187.7,599000
197.0,755000
116.1,400000
91.0,133000
116.1,330000
102.2,330000
123.6,375000
237.8,485000
171.9,470000
259.2,1045000
154.2,548800
100.3,315000
281.5,590000
221.1,439950
209.0,325000
81.8,400000
257.3,685000
124.5,339950
154.2,315000
158.9,411753
150.5,577000
142.1,500000
133.8,210000
187.7,640000
173.7,460000
57.6,265000
536.4,740000
115.2,230000
175.6,315000
223.9,432000
142.1,467000
260.1,255000
135.6,316500
146.8,190000
134.7,490000
184.9,378000
415.3,598800
183.9,333800
271.3,690000
154.2,320000
296.4,1249000
144.9,335000
283.4,840000
281.5,608250
210.0,550000
117.1,240000
313.1,998000
138.4,275000
145.9,284200
417.1,1715000
380.0,2400000
385.5,930800
269.4,930000
132.9,215000
93.6,480000
137.5,483945
115.2,347000
127.3,232500
164.4,390000
200.7,550000
217.4,590000
89.2,420850
211.8,345000
183.0,429800
142.1,302000
166.3,800000
157.9,250000
247.1,605000
181.2,412000
124.5,252000
105.0,375000
181.2,725000
352.1,471750
187.7,490000
74.3,439000
164.4,355000
87.3,250000
210.0,780000
82.7,409000
79.9,420000
63.2,200000
197.9,830000
222.0,695000
324.0,815000
117.1,210000
273.1,635000
226.7,562500
241.5,402500
193.2,555000
184.9,310000
263.8,500000
244.3,430000
262.0,1600000
144.9,627500
216.5,335000
308.4,962000
160.7,299000
288.9,399950
114.3,322000
88.3,430000
175.6,307000
93.8,194000
93.8,180000
217.4,465000
228.5,722500
93.8,470450
153.3,280000
133.8,176250
158.9,560000
256.4,830000
125.4,276900
154.2,625000
275.0,1015000
101.3,463500
288.9,485000
128.2,272000
119.8,305000
183.9,760000
80.8,387500
229.5,352000
198.8,507000
71.5,156000
138.4,580000
233.2,630000
181.2,275000
334.5,835000
221.1,340000
66.9,329350
378.1,1480000
116.1,475000
203.5,719950
75.3,235000
226.7,875000
161.7,380000
137.5,325000
197.0,475000
83.6,152900
110.6,210000
93.8,350000
195.1,505000
187.7,464900
234.1,650000
127.3,369950
142.1,250000
142.1,320000
468.2,2532000
235.0,340000
93.8,440000
111.5,219950
252.7,940000
171.9,399950
217.4,1568000
172.8,528000
180.2,545000
156.1,575000
164.4,235000
166.3,272000
159.8,380000
118.9,195000
157.0,297000
203.5,349000
66.0,320000
175.6,319990
131.0,439900
205.3,429000
143.1,272500
125.4,400000
128.2,462000
82.7,510000
176.5,550000
115.2,150000
160.7,460000
194.2,632500
153.3,361000
105.0,437000
301.0,370000
356.7,884250
111.5,225000
80.8,235000
223.9,767500
144.9,1200000
223.9,715000
213.7,417000
129.1,199000
271.3,875000
127.3,545000
88.3,192500
287.1,822500
222.0,800000
192.3,1250000
536.1,3850000
135.6,295000
140.3,419000
481.2,1195000
318.7,750000
157.9,502000
245.3,1025000
111.5,398500
171.9,700000
140.3,248000
197.9,800000
245.3,383000
278.7,688000
173.7,521000
92.0,365000
186.3,491000
188.6,643000
139.4,279000
142.1,583500
184.9,310000
131.9,310000
130.1,280000
173.7,272000
282.4,870000
166.3,307000
147.7,490000
190.5,399950
392.1,1635000
374.4,989000
164.4,264950
195.1,491500
197.0,345000
241.5,339900
223.0,852000
295.4,585000
259.2,723000
193.2,594000
127.3,405000
259.2,725500
161.7,800000
594.6,1325000
167.2,180500
167.2,325000
110.6,235000
79.9,330000
228.5,678500
183.9,463000
62.2,250000
131.0,655000
172.8,239900
91.0,185000
282.4,1735000
168.2,251700
144.9,400000
195.1,735000
232.3,1700000
48.3,82500
279.6,765000
198.8,292500
222.0,270000
140.3,415000
205.3,950000
201.6,353000
166.3,670950
129.1,280950
171.9,585000
137.5,525000
171.9,605000
311.2,1010000
96.6,245990
261.1,535000
93.8,410000
209.0,550000
167.2,665000
223.0,455000
165.4,440000
197.0,332000
172.8,280000
135.6,570000
114.3,250000
101.1,238000
74.3,265000
110.6,306000
180.2,345000
306.6,765000
240.6,346300
193.2,342500
249.0,501000
155.1,270000
170.0,638000
130.1,460000
257.3,760000
337.2,1085000
96.6,234000
249.9,1650000
187.7,488000
227.6,1550000
188.6,499000
134.7,150000
223.0,333000
266.6,700000
124.5,275000
156.1,330000
171.9,360000
113.3,467000
215.5,568000
299.1,605000
296.4,750000
327.9,760000
190.5,265000
159.8,490000
264.8,360000
210.9,311750
174.7,399000
257.3,347000
417.1,1680000
288.9,585000
219.3,340000
202.5,612000
177.4,230000
210.0,604000
164.4,250000
135.6,258500
193.2,783000
275.0,1050000
299.1,760000
105.9,276000
154.2,550000
132.9,398000
169.1,775000
328.9,1027500
150.5,327000
288.0,564500
139.4,782000
262.0,398000
171.9,257000
145.9,235000
213.7,453000
85.5,535000
148.6,275000
244.3,665000
280.6,670000
138.4,465000
107.8,210000
189.5,265000
144.0,426000
184.9,529219
176.5,600000
356.7,875000
223.0,608000
154.2,220000
562.5,1760000
188.6,295450
78.0,315000
134.7,205000
135.6,310000
186.7,1000000
270.3,525000
174.7,284000
201.6,510000
117.1,405000
183.0,509950
194.2,600000
320.5,990000
105.0,280005
241.5,700000
95.7,330000
157.9,340000
137.5,468000
394.8,1339000
148.6,515000
173.7,245000
133.8,265000
252.7,372400
115.2,390000
94.8,208000
109.6,273000
286.1,455000
162.6,270000
235.0,618000
146.8,213550
217.4,210000
585.3,2750000
223.0,403500
120.8,235000
163.5,287500
141.2,546800
99.4,183000
237.8,560000
118.9,299500
154.2,610000
172.8,288350
88.3,500000
198.8,625000
137.5,418000
210.0,660000
213.7,775000
153.3,429500
184.9,569000
182.1,250000
121.7,225000
227.6,530000
84.5,306000
146.8,517100
165.4,354950
96.6,348000
217.4,522250
159.8,275000
148.6,390000
122.6,260000
218.3,585000
254.6,605000
213.7,342000
404.1,900000
132.9,252000
223.0,357000
87.3,370000
94.8,322500
156.1,210000
124.5,290000
367.9,860000
246.2,302000
197.0,369160
264.8,1185000
264.8,993000
173.7,380000
247.1,635000
110.6,260000
164.4,243000
257.3,1400000
193.2,665000
250.8,898000
204.4,583000
200.7,429000
186.7,471000
351.2,1810000
414.3,739500
164.4,450000
132.9,552500
157.9,437000
170.0,270000
131.0,226740
284.3,446500
169.1,283000
225.8,445000
68.7,250000
71.5,307000
204.4,315000
271.3,555000
189.5,264900
148.6,510000
184.9,328000
170.0,358000
236.0,325000
250.8,1365000
133.8,230000
144.0,545000
231.3,705380
246.2,459000
185.8,815000
319.6,495000
211.8,520000
122.6,430000
192.3,255000
172.8,588000
87.3,350000
212.7,625000
140.3,172500
170.0,554000
287.1,775000
403.2,1187500
297.3,618000
144.9,305000
118.9,232000
187.7,262000
96.6,234000
210.0,500000
79.9,278000
178.4,230000
212.7,500000
192.3,366500
394.8,665000
206.2,1101000
170.9,575000
240.6,674750
288.9,719000
241.5,482000
98.5,254000
116.1,443725
234.1,575000
192.3,469000
120.8,175000
203.5,437000
256.4,550000
158.9,172040
162.6,363000
144.2,282000
218.3,400000
474.7,650000
159.8,365000
182.1,269950
118.0,260000
109.6,193000
207.2,340000
436.6,900000
199.7,371000
223.0,592000
170.0,300000
260.1,449950
194.2,299500
217.4,995000
155.1,335000
184.9,280000
210.9,446000
456.2,1544500
88.3,325000
149.6,450000
180.2,322500
112.4,453000
238.8,655000
157.9,603000
149.6,235000
382.8,968933
267.6,1015000
184.9,435000
117.1,242000
441.3,487000
279.6,810000
223.9,625000
118.9,165000
215.5,335000
113.3,286700
130.1,699000
147.7,280000
206.2,580000
257.3,754800
214.0,525000
148.6,562000
118.9,575000
269.4,808900
274.1,992000
157.9,335000
97.5,473000
277.8,350000
288.0,1600000
115.2,305500
72.5,306000
79.0,233000
143.1,490000
211.8,445000
236.9,355000
164.4,360000
215.5,737500
241.5,985000
145.9,349950
284.3,520000
182.1,355950
303.8,485000
101.3,143000
635.5,3278000
87.3,355000
360.5,1126000
164.4,200000
338.2,913000
293.6,1600000
147.7,409900
119.8,265000
339.6,740000
231.3,306000
136.6,381000
367.9,1220000
296.4,1050000
75.3,408000
276.9,739900
258.3,674250
124.5,438400
458.0,1700000
126.3,703000
122.6,262000
112.4,353000
180.2,500000
293.6,1280000
183.9,332000
215.5,824000
154.2,290000
154.2,700000
100.3,550000
140.3,549000
274.1,1865000
285.2,858000
90.1,345000
198.8,340000
238.8,1215000
117.1,275000
113.3,405000
159.8,432500
198.8,236500
131.9,679000
191.4,543000
122.6,294000
168.2,340500
276.9,1012000
125.4,335000
143.1,425000
233.2,353000
155.1,540000
342.8,640000
122.6,339950
140.3,195000
140.3,322000
173.7,660000
223.0,280000
223.0,300000
108.7,207500
110.6,195000
193.2,700000
199.7,560000
146.8,260000
146.8,575000
220.2,475000
170.9,285000
247.1,753888
203.5,650000
154.2,620000
165.4,526000
65.0,155000
145.9,342000
113.3,390000
292.6,685000
249.9,608000
63.2,179900
348.4,1245000
93.8,166000
158.9,462000
194.2,545000
144.9,415000
144.9,269000
238.8,356500
93.8,225000
94.8,175000
158.9,549000
213.7,535000
184.9,627000
253.6,565000
203.9,392450
144.9,509000
130.1,340000
130.1,537000
342.8,865000
105.9,358000
178.4,595000
231.9,661000
211.8,419950
297.3,490000
81.8,525000
122.6,350000
227.6,552500
96.6,210000
230.4,390000
170.0,336800
133.8,465000
146.8,299900
300.1,715000
168.2,235000
231.8,276000
161.7,265000
156.1,425000
228.5,313000
283.4,715000
151.4,265000
228.5,646000
95.7,175000
316.8,649000
214.6,785000
242.5,890000
216.5,612000
276.9,330000
166.3,493000
273.1,1600000
362.3,1620000
362.3,1650000
162.6,499000
247.1,603500
146.8,530000
218.3,895000
233.2,267345
137.5,275000
159.8,439950
136.6,455000
143.1,630000
262.0,690000
116.1,212000
193.2,231500
481.2,1237500
265.7,378500
251.8,482000
105.9,695000
378.1,965000
158.9,675000
124.5,387000
212.7,347500
172.8,385000
100.3,265000
89.2,406000
91.0,134000
139.4,415000
133.8,375000
239.7,620000
192.3,337500
174.7,565000
224.8,399500
175.6,1065000
178.4,352500
173.7,259000
83.6,320000
200.7,733000
83.6,381500
109.6,343000
83.6,205500
148.6,525000
139.4,300000
99.4,299000
238.8,561000
112.4,450000
171.9,540000
161.7,379000
120.8,230000
185.8,399950
299.1,355000
200.7,580000
197.9,700000
146.8,279900
111.5,210000
352.1,1165000
79.9,290300
476.6,1599950
148.6,490000
196.0,606000
130.1,359950
196.0,677100
132.9,465000
616.9,4500000
282.4,500000
91.0,455000
238.8,705000
191.4,420000
120.8,169575
120.8,250000
156.1,530000
373.5,590000
142.1,257500
108.7,415000
146.8,536000
118.0,246500
137.5,395000
206.2,739000
297.3,1272000
84.5,190000
137.5,305000
350.2,925000
325.2,895000
137.5,656000
154.2,560000
234.1,610000
264.8,645000
200.0,259000
351.2,980000
350.2,872000
334.5,1000000
276.9,900000
215.5,475000
276.9,350000
272.2,840000
189.5,500000
140.3,202500
247.1,523000
161.7,225000
208.1,418200
145.9,356500
232.3,670000
162.6,456150
281.5,471000
156.1,558000
533.3,1380000
113.3,161500
121.7,311000
231.3,470000
206.2,569000
208.1,689000
175.6,271900
171.9,278000
205.3,820000
131.0,399500
175.6,462000
170.0,347500
133.8,562100
88.3,230000
220.2,687000
285.2,725786
120.8,315500
120.8,312000
112.4,343000
66.0,385195
208.1,415000
334.5,461000
182.1,369990
169.1,349950
182.1,285750
162.6,542500
343.7,830000
270.3,705000
118.0,615000
66.9,184500
96.6,412000
205.3,250000
191.4,580000
72.5,220000
208.1,675000
74.3,373500
226.7,662700
135.6,239950
106.8,383000
246.2,485000
241.5,610000
169.1,545000
237.8,780000
159.2,305000
123.6,405000
682.8,1110000
190.5,273000
168.2,326500
128.2,365000
285.2,1000750
74.3,422500
198.8,354450
123.6,320000
95.7,223000
161.7,410000
111.5,438000
138.4,390000
175.6,298500
284.3,749999
301.9,779000
253.6,570000
75.3,385000
208.1,649000
161.7,283000
221.1,699900
143.1,278500
217.4,700000
251.8,535000
121.7,234500
129.1,374150
204.5,397000
182.1,613000
264.8,1150000
174.7,595000
226.7,340000
237.8,388000
131.0,404000
266.6,810000
243.4,405000
275.9,726000
165.4,266000
343.7,722500
116.3,352000
115.2,265000
200.7,856000
189.5,346950
290.8,866059
218.3,410000
145.9,370000
142.1,230000
141.2,400000
125.4,172000
181.2,615000
367.0,860000
189.5,555000
184.9,579000
120.8,385000
188.6,420000
217.4,645000
200.7,549950
257.3,678000
188.6,199000
133.8,604000
160.7,268000
419.0,960000
195.1,509250
167.2,416000
101.3,190000
93.8,212000
189.5,325900
210.9,560000
160.7,275000
230.4,665000
323.3,1505000
159.8,375000
145.9,359950
327.7,340000
78.0,401000
181.2,669000
183.9,638500
150.5,545000
183.9,524000
327.9,1610000
117.1,280000
197.0,828000
126.3,223000
288.0,1289000
220.2,750000
135.6,430000
183.9,711000
179.3,310000
343.7,415000
183.0,274900
229.5,525000
109.6,179500
118.9,478000
128.2,195000
254.6,385000
187.7,401000
263.4,522000
141.2,330000
203.5,503000
156.1,175000
363.7,963990
159.8,845000
62.2,157500
166.3,450000
226.7,925000
85.5,600000
156.1,709000
305.7,1385000
197.0,248000
84.5,245000
92.9,332000
217.4,459950
109.6,425000
193.2,460000
349.3,838300
137.5,256000
284.3,864000
285.2,900000
108.7,145600
269.4,865000
205.3,250250
133.8,162000
183.9,450000
191.4,675500
224.8,697000
319.6,1324050
148.6,490000
205.3,590000
209.0,280000
156.1,515000
105.9,576000
132.9,375000
133.8,478000
155.1,282000
286.1,1400000
399.5,593500
279.6,724950
144.9,306000
178.4,341000
130.1,399950
211.8,534000
360.5,635000
125.4,350000
137.5,856000
155.1,582000
315.9,799000
192.3,423700
452.4,1835000
163.5,322000
374.4,929000
105.0,443000
140.3,441500
288.9,875000
466.4,3600000
68.7,450000
151.4,425000
258.3,660000
184.9,763101
209.0,499000
159.8,521000
83.6,302000
219.3,293000
142.1,335000
134.7,499000
189.5,600000
243.4,720000
109.6,195000
103.1,249000
170.9,334000
252.7,599950
101.3,149900
160.7,700000
108.7,525000
440.4,1049000
182.1,402000
132.9,450000
233.2,520000
131.9,205000
249.0,635000
113.3,210500
99.4,406650
146.8,350000
169.1,425000
333.5,798000
182.1,180000
293.6,1250000
188.6,435000
115.2,355000
498.9,3000000
248.1,685000
152.4,311000
197.9,305000
236.9,675000
337.2,769000
157.0,430000
222.0,516250
218.3,760000
131.9,579950
145.9,476000
148.6,510000
66.9,205000
136.6,240000
259.2,738000
159.8,420000
120.8,455000
234.1,765000
165.4,372000
111.5,160000
277.8,772000
177.4,1125000
127.3,479000
177.4,570000
108.7,350000
116.1,353000
310.3,699000
128.2,265000
72.5,167000
193.2,500000
131.0,700000
48.3,295000
325.2,1010000
78.0,209000
208.1,276000
195.1,380000
162.6,315000
290.8,685530
136.6,254600
133.8,230000
132.9,335000
201.6,550000
106.8,123300
201.6,275436
244.3,325000
231.3,635000
158.9,513000
197.9,580000
87.3,225000
130.1,265000
151.4,313000
127.3,296000
221.1,655500
198.8,250750
183.0,438000
236.9,590000
100.3,329500
285.2,1195000
136.6,415000
336.3,900000
97.5,378000
97.5,474000
122.6,464000
112.4,310000
172.8,580000
262.9,999000
75.3,510000
151.4,650000
81.8,196000
154.2,220000
319.6,855000
196.0,483000
98.5,400000
176.5,435000
76.2,219500
451.5,2950000
190.5,427000
101.3,430000
101.3,685000
178.4,495000
173.7,299950
249.9,390000
200.7,385000
278.7,740000
212.7,991700
209.0,765000
197.9,802000
232.3,950000
213.7,392000
312.2,590000
178.4,425000
226.7,765000
133.8,313500
165.4,320000
138.4,604000
130.1,570000
199.7,639000
177.4,335000
247.1,896000
153.3,259500
183.9,637000
249.9,307450
128.2,535000
232.3,669500
147.7,259000
102.2,441000
136.6,228800
156.1,530000
134.7,524000
187.7,430000
229.5,1325000
114.3,210000
171.9,449000
236.0,945000
90.1,200450
99.4,219950
243.4,659500
196.0,746000
196.0,540000
177.4,485000
62.2,202000
643.8,2525000
186.7,502000
164.4,279000
124.5,409500
154.2,453000
169.1,367000
233.2,550000
144.9,273500
211.8,505000
246.2,770000
229.5,565000
118.0,316000
141.2,160000
121.7,170000
121.7,235000
365.1,1799000
92.0,310000
193.2,285000
89.2,280000
378.1,2298000
255.5,763776
300.1,530000
82.7,362000
92.0,430000
119.8,456500
201.6,445000
123.6,386900
124.5,479000
204.4,525000
234.1,272000
109.6,517000
247.1,615000
116.1,439000
210.9,716000
100.3,308000
150.5,800000
87.3,575000
150.5,219950
218.3,770000
194.2,424950
163.5,387000
190.5,790000
55.7,156000
236.0,580000
194.2,490000
250.8,950000
131.0,400000
108.7,325000
236.0,365000
203.5,255000
361.4,985000
188.6,595000
125.4,427500
180.2,728000
117.1,549950
260.1,650000
286.1,1125000
78.0,203000
79.9,311000
223.0,387500
152.4,370000
98.5,228000
193.2,740000
194.2,200000
115.2,660000
188.6,275000
104.1,708000
118.0,280000
210.0,325000
165.4,495000
165.4,691000
379.0,2288000
197.0,329500
191.4,348000
155.1,425000
100.3,210000
112.4,285000
92.0,222000
159.8,200000
142.1,247500
608.5,1500000
102.2,190000
280.6,975000
295.4,1130000
170.0,283200
236.0,650000
164.4,449500
136.6,400000
53.0,89950
89.2,158800
273.1,870000
92.9,196000
227.6,850000
307.5,775000
155.1,483500
150.5,387000
277.8,900000
115.2,336000
62.2,415000
136.6,380000
122.6,350000
567.6,1320000
226.7,765000
269.4,527000
214.6,524000
103.1,448000
380.9,775000
86.4,176500
224.8,750000
266.6,1265000
137.5,250000
182.1,759000
136.6,640000
228.5,990000
182.1,395000
107.8,275000
177.4,390000
252.7,752500
94.8,450000
83.6,473000
104.1,178500
217.4,485000
131.0,215000
178.4,589000
127.3,325000
147.7,580000
171.9,181100
132.9,345000
180.2,781000
118.0,402500
128.2,426000
159.8,389000
376.3,670000
340.0,1506000
173.7,288400
207.2,700000
187.7,830000
342.8,1899000
134.7,350500
151.4,431000
170.9,485000
150.5,780000
170.9,720000
126.3,415000
193.2,480000
236.9,452250
236.9,316000
107.8,700000
163.5,285000
159.8,575000
213.7,590000
232.3,587500
162.6,364000
175.6,490000
167.2,410000
200.7,520000
128.2,389000
109.6,450000
236.9,325000
99.4,660000
266.6,850000
180.2,285000
80.8,395000
144.0,440000
130.1,249000
112.4,635000
318.7,515000
280.6,1400000
88.3,200000
313.1,1135000
135.6,445000
161.7,555000
159.8,537000
137.5,315000
308.4,805000
324.2,414000
107.8,375000
279.6,401000
95.7,210000
91.0,365000
184.9,178000
166.3,710000
75.3,255000
273.1,528000
453.6,537000
126.3,442000
127.3,375000
197.0,637250
115.2,427500
257.3,700000
154.2,680000
108.7,393820
229.5,525000
121.7,505000
155.1,555565
154.2,650000
325.2,632500
133.8,269000
219.3,405000
321.4,845000
162.6,234000
136.6,638000
158.9,290000
48.3,262000
218.3,270000
221.1,875000
178.4,299000
146.8,551000
285.2,350000
247.1,1901000
157.9,511718
465.4,965000
249.0,475000
252.7,1062000
87.3,252000
334.1,580000
115.2,374950
432.9,739000
158.9,271000
86.4,230000
132.9,210000
153.3,350000
144.9,491500
173.7,325000
122.6,190000
130.1,658600
180.2,299950
185.8,464000
152.4,308000
94.8,625000
151.4,240000
273.1,530000
197.0,1000000
73.4,439000
187.7,575000
142.1,418000
301.9,1208000
272.2,1100000
292.6,1900000
202.5,580000
96.6,380000
81.8,256000
130.1,349950
241.5,691500
147.7,556000
149.6,218000
129.1,425000
344.7,935000
219.3,732000
133.8,805500
130.1,507250
427.4,800000
195.1,600000
186.7,627800
236.9,660000
115.2,153503
194.2,456500
257.3,1306000
330.7,843500
115.2,625000
152.4,527000
366.0,1965000
292.6,1003000
236.9,855000
366.0,725000
53.9,315000
123.6,180000
86.4,700000
98.5,476500
109.6,193000
171.9,295000
76.2,363000
334.5,875000
171.9,257200
208.1,555000
172.8,380000
222.0,282000
189.5,545000
176.5,550000
176.5,921500
204.4,885000
211.8,820000
101.3,289000
62.2,334000
97.5,206000
194.2,491950
188.6,430000
116.1,208000
241.5,245000
59.5,426000
197.0,400000
123.6,553000
69.7,296000
207.2,428000
175.6,325000
76.2,294000
174.7,410000
219.3,590000
171.9,445000
214.6,921000
234.1,496000
74.3,95000
146.8,359000
225.8,452500
218.3,555000
353.0,549900
341.0,569000
165.4,318500
120.3,487028
125.4,240000
133.8,253000
122.6,380000
65.0,250000
233.2,368500
295.4,340000
84.5,400000
145.9,835000
227.6,299000
456.2,1675000
145.9,265000
249.0,437500
194.2,865000
199.7,626000
105.9,247300
393.0,2075000
166.3,425000
288.0,905000
206.2,641250
220.2,675000
378.1,845000
166.3,401500
149.6,395000
262.9,1100000
93.8,145000
144.9,900000
123.6,374500
216.5,850000
89.2,490000
158.9,304000
207.2,400000
157.9,454000
96.6,160000
99.4,542000
334.5,403500
255.5,418000
178.4,406000
164.4,242500
228.5,425000
144.0,613000
135.6,189000
226.7,700000
152.4,750000
119.8,494000
292.6,700000
214.1,705000
98.5,356000
191.4,625000
83.6,144975
361.4,970000
177.4,415000
217.4,485000
269.4,799950
305.7,783350
58.5,430000
502.6,2544750
396.7,975000
157.9,950000
132.9,350000
264.8,637000
200.7,895000
163.5,579000
250.8,314900
79.9,122000
81.8,405000
126.3,553650
164.4,369900
188.6,225000
109.6,160000
225.8,449500
120.8,650000
219.3,542126
111.5,309950
92.9,115000
144.6,221700
175.6,726000
168.2,515000
253.6,756000
285.2,1570000
193.2,442000
150.5,260000
106.8,390000
116.1,459500
132.9,330000
73.4,189000
111.5,280000
196.0,400000
293.6,368000
250.8,390000
76.2,245000
167.2,375000
162.6,465000
143.1,445000
105.0,250000
139.4,475500
148.6,672324
111.5,420000
157.0,515000
210.9,732350
177.4,297500
152.4,475000
197.0,414000
130.1,357250
70.6,289950
99.4,550000
135.6,446000
118.9,279000
153.3,370000
117.1,216000
204.4,1100000
330.7,1280600
105.9,355000
236.9,699000
144.3,412000
105.9,276000
73.4,100000
197.9,955500
129.1,199000
371.6,762000
141.2,425000
153.9,546000
156.1,419600
210.9,735000
229.5,1234570
115.2,445000
161.7,665000
380.0,1290000
234.1,508500
124.5,345950
152.4,207500
278.7,1075000
112.4,640000
168.2,329500
204.4,460000
204.4,1230000
218.3,805000
101.3,200000
211.8,749700
132.9,288000
141.2,535000
150.5,330000
140.3,479200
278.8,373000
187.7,355000
128.2,275000
141.2,380000
101.3,417000
392.1,1165000
234.1,598500
163.5,629000
86.4,226950
241.5,1225000
202.5,415000
177.4,595000
102.2,209950
163.5,568000
65.0,119900
100.3,207000
99.4,195000
135.6,324950
97.5,210000
293.6,1078000
130.1,325088
289.9,790000
66.9,150000
263.8,790000
113.3,255000
262.0,697000
78.0,457500
149.6,690000
172.8,967000
210.0,980000
227.6,619420
79.0,389000
167.2,500000
114.3,569000
191.4,425000
255.5,635000
104.1,256500
279.6,695000
146.8,535000
244.3,454200
73.4,418500
288.9,749950
197.9,338500
419.9,1250000
148.6,299950
181.2,325000
186.7,434000
236.9,328950
496.1,2095000
185.8,570000
201.6,802000
144.0,525000
259.2,700000
183.9,350000
110.6,277500
339.1,1575000
140.3,195000
111.5,222000
262.9,865000
153.3,445000
158.9,495800
161.7,548500
170.9,310000
169.1,205000
358.6,470000
168.2,430000
95.7,310000
131.0,355000
198.8,621500
179.3,175000
179.3,326000
179.3,690000
205.3,335000
126.3,197000
170.0,312500
197.0,436000
250.8,1015000
293.6,805000
257.3,652427
208.1,1008000
238.8,355000
81.8,334550
169.1,557500
154.2,277500
204.4,300000
152.4,325000
153.3,402500
131.9,461000
118.0,540000
99.4,385000
98.5,480000
203.5,539950
180.2,529000
120.8,417000
123.6,405000
180.2,299000
195.1,299000
119.8,372220
144.9,494400
244.3,280000
195.1,277950
192.3,770000
275.0,760000
120.8,230000
234.1,525000
106.8,307000
188.6,253779
174.7,405000
215.5,360000
97.5,521000
281.5,680000
49.2,355000
101.3,200000
206.2,330000
132.9,221000
351.2,1598890
144.9,310000
206.2,862000
105.9,200000
236.0,630000
133.8,432250
145.9,478000
172.8,249000
226.7,495000
195.1,630000
199.7,550000
226.7,350000
179.3,270000
170.0,488250
171.9,248000
298.2,889000
101.3,375000
173.7,933000
178.4,625000
65.0,328000
314.0,470000
225.8,502500
181.2,484000
83.6,252500
191.4,610000
202.5,419000
198.8,322500
160.7,563000
291.7,464000
279.6,870000
74.3,280000
306.6,850000
142.1,458950
70.6,122000
227.6,525000
92.9,286300
78.0,218450
128.2,525000
128.2,650000
187.7,356000
117.1,436500
133.8,410000
143.1,512500
98.5,510000
176.5,566000
266.6,525000
97.5,435000
170.9,406500
278.7,550000
111.5,251000
170.9,830000
259.2,803000
90.1,206000
99.4,200000
83.6,219000
249.0,777000
185.8,593700
154.2,712500
164.4,600000
114.3,554663
161.7,267000
158.9,390000
187.7,335000
223.9,938000
214.6,370000
223.0,335000
293.6,695000
144.9,387500
164.4,245000
148.6,308550
123.6,225000
275.9,715000
94.8,335000
231.3,634000
157.9,337500
79.0,440000
116.1,350000
56.7,400000
343.7,1288000
88.3,435000
358.6,681000
126.3,397000
361.4,775000
156.1,480000
141.2,158000
224.8,590000
361.4,772500
273.1,464500
125.4,281000
203.5,620000
211.8,475000
99.4,245000
236.0,660000
210.9,527500
113.3,135000
175.6,275000
184.9,430000
113.3,213500
245.3,535000
137.5,641000
215.5,436300
223.9,1440000
194.2,830000
85.5,380000
79.0,132500
105.0,179950
117.1,188200
194.2,659000
187.7,317000
183.0,625000
169.1,350000
170.9,750000
195.1,457000
164.4,632500
103.1,223000
194.2,610000
193.2,385000
130.1,367500
98.5,385100
66.9,230000
102.2,286000
93.8,201700
485.9,1350000
224.8,525000
111.5,361000
181.2,530000
173.7,455000
121.7,421000
141.2,640000
118.0,240000
78.0,360000
83.6,157340
279.6,1240000
97.5,250000
312.2,735000
498.9,884900
249.9,775000
158.9,463000
152.4,579000
371.6,570000
384.6,1060000
291.7,375000
122.6,422000
286.1,866500
232.3,705000
234.1,470000
218.3,360000
238.8,795000
288.0,800000
439.4,2453500
95.7,277284
94.8,460000
193.2,898888
131.0,211000
126.3,222000
243.4,672000
210.0,778000
138.4,312500
235.0,650000
291.7,740000
169.1,320000
164.4,455000
411.6,2450000
138.4,500000
166.3,325000
158.9,416000
192.3,495000
105.9,549000
365.1,589000
102.2,194820
210.0,405000
210.0,625000
105.0,205000
181.2,345100
89.2,200000
391.1,1905000
318.7,524500
322.4,598600
198.8,367777
234.1,750000
329.8,575000
65.0,84000
68.7,255000
306.6,1740000
152.4,415000
258.3,449900
170.0,220000
328.9,899000
133.8,430000
275.0,472500
295.4,680000
307.5,1650000
222.0,810000
228.5,605000
151.4,522000
324.2,759000
232.3,411000
193.2,286950
119.8,440000
157.9,149000
157.9,284700
236.0,374950
109.6,816000
141.2,533250
222.0,689800
254.6,775000
203.5,702000
125.4,160000
125.4,255500
276.9,949000
73.4,169500
197.9,586000
250.8,680000
297.3,851500
107.7,582500
286.1,637000
92.9,225000
210.0,795000
210.9,304999
70.6,95000
131.9,240000
232.3,772000
134.7,245000
232.3,430000
205.3,799000
280.6,880000
305.7,750000
537.0,2890000
169.1,532000
232.3,525000
112.4,239000
101.3,460000
123.6,540000
82.7,475000
126.3,445000
392.1,1575000
351.2,549950
242.5,294950
183.9,736000
119.8,214946
336.3,856000
249.0,775000
111.5,205000
185.1,429592
152.4,414250
178.4,399950
170.9,319990
121.7,524000
97.5,349950
238.8,889000
86.4,300000
67.8,395000
118.0,348000
106.8,830000
76.2,173000
278.7,585000
206.2,576750
232.3,495000
143.1,216650
255.5,615000
290.8,675000
132.9,510000
249.0,630000
279.6,359950
142.1,265000
115.2,210000
210.0,367000
262.0,1075000
330.7,756000
151.4,203000
267.6,535000
204.4,525000
150.5,347500
137.5,620000
209.0,645000
328.9,2200000
166.3,280000
130.1,432000
222.0,790000
223.0,635000
190.5,442000
245.3,490000
215.5,250000
226.7,1325000
117.1,120000
579.7,2950000
179.3,325000
111.5,210000
90.1,215000
168.2,387000
128.2,408000
136.6,410000
93.8,216000
93.8,390000
124.5,357000
90.1,215000
104.2,265000
155.1,589950
263.8,440000
71.5,248000
189.5,730000
283.5,425000
243.4,680000
289.9,341500
102.2,395000
316.8,1225000
233.2,695500
156.1,308000
182.1,422500
96.6,418000
162.6,385000
201.6,876650
152.3,450000
195.1,418800
81.8,330000
180.2,550000
231.3,270000
191.4,978500
252.7,975000
202.5,455000
334.5,1415000
78.0,220000
220.2,490000
210.9,420000
252.7,408500
105.9,716000
228.5,965000
115.2,357823
932.7,7062500
155.1,425000
206.2,711777
91.0,335000
175.6,825000
102.2,210000
257.3,575000
394.8,1208000
127.3,431500
137.5,475000
350.2,1495000
266.6,540000
354.9,775000
142.1,635000
382.8,1300000
147.7,405000
141.2,210000
218.3,880000
127.3,239000
143.1,515000
351.7,1379900
139.4,215000
162.6,315000
167.2,442500
109.6,311000
77.1,425000
143.1,433500
149.6,450000
184.9,675000
192.3,535000
163.5,577000
161.7,480000
181.2,400000
118.9,304000
135.6,355000
350.2,998000
223.9,550000
223.9,550000
130.1,210000
195.1,317000
498.0,700000
92.9,265000
292.6,700000
388.3,1020000
263.8,1145000
196.0,460000
154.2,410000
200.7,665000
224.8,600000
178.4,502000
214.6,364950
216.5,680000
217.4,235500
240.6,576000
131.0,405000
264.8,335000
67.8,122000
136.6,432000
216.5,375000
228.5,276000
193.2,450000
92.0,210000
134.7,279000
124.5,635000
253.6,350000
105.9,218000
181.2,750000
185.8,310597
83.6,355000
314.9,735000
66.9,155000
87.3,354000
164.4,415000
54.8,202000
183.9,580000
285.2,1495000
325.2,790000
195.1,499900
243.4,525000
261.1,810000
212.7,425000
125.4,241250
257.3,318700
235.0,720000
118.9,291000
98.5,420000
92.9,210000
359.5,645000
313.1,762000
212.7,247500
155.1,282500
135.6,395000
164.4,295000
76.2,235000
176.5,770000
173.7,559950
170.9,639000
147.7,314950
152.4,525000
278.7,2400000
200.7,820000
231.3,1385000
119.8,521450
296.4,760750
143.1,759600
198.8,346150
91.0,390000
227.6,359950
126.3,430000
428.3,960000
694.9,800000
265.7,1010000
168.2,290000
208.1,1350000
335.4,777000
134.7,526000
134.7,550000
169.1,276000
522.1,2500000
193.2,325000
165.4,365000
403.2,2150000
265.7,825050
236.0,690000
105.9,390000
122.6,385000
189.5,619000
166.3,494000
177.4,412450
135.6,580000
131.9,269900
166.3,704300
129.1,267000
174.7,310000
145.9,227064
249.9,925000
155.1,245000
96.6,339888
144.9,439000
136.6,400000
192.3,560000
127.3,703011
104.1,363000
245.3,650000
95.7,299950
104.1,228950
160.7,465000
194.2,725000
85.5,212500
275.9,526000
159.8,383000
135.6,244000
143.1,565000
264.8,373000
121.7,300000
225.8,405000
157.9,979000
200.7,324888
79.9,445000
190.5,761000
153.3,435000
145.9,252000
154.2,350000
113.3,875000
113.3,940000
165.4,280000
202.5,450000
327.0,905000
206.2,382450
149.6,246700
99.4,220000
98.5,555750
107.8,262500
84.5,515000
275.9,499500
73.4,135000
143.1,462500
290.8,937500
136.6,458000
293.6,845000
248.5,660000
124.5,265000
355.8,599999
167.2,280000
277.8,1055000
345.6,875000
85.5,125000
304.7,634800
133.8,269950
180.2,359950
147.7,417000
124.5,389000
350.2,1038000
249.0,698000
262.0,685000
141.2,198500
237.8,350000
307.5,649950
143.1,441000
132.9,462600
232.8,365070
209.0,550000
254.6,470000
143.1,340000
389.3,910000
157.0,405000
184.9,661000
223.9,635000
106.8,282000
159.8,235000
117.1,277500
187.7,346500
208.1,480000
179.3,360000
169.1,245000
144.9,625000
201.6,750500
148.6,525000
349.3,740000
115.2,523000
101.3,292000
254.6,625000
288.9,700000
149.6,399950
174.7,545000
161.7,339999
303.8,1210000
184.9,545000
182.1,260000
156.1,526000
270.3,701000
139.4,290000
53.9,330600
236.0,550500
88.3,430000
657.8,4000000
75.3,260600
379.0,825000
169.1,378950
246.2,435000
155.1,631000
230.4,415000
115.2,222000
129.1,245000
267.6,720000
98.5,215000
99.4,579100
152.4,522500
140.3,489000
114.3,240000
140.3,420250
295.4,523000
210.0,628000
178.4,320000
183.9,359950
111.5,232000
187.7,810000
186.7,245000
179.3,273000
251.8,1191000
181.2,438000
196.0,400000
116.1,340000
128.2,552000
190.5,790000
167.2,360000
121.7,235000
93.8,775000
171.9,489200
162.6,341000
200.1,335000
114.3,393500
182.1,360000
99.4,400800
134.7,585000
341.9,1600000
535.1,2880500
113.3,300000
274.1,1045000
124.5,360000
266.6,665900
240.6,470000
194.2,581000
278.7,527000
160.7,423000
264.8,875000
94.8,410000
204.4,606000
301.0,654000
45.5,150000
277.8,373000
227.6,550000
176.5,512500
245.3,360000
124.5,369000
299.1,825000
86.4,255000
301.0,1285000
244.3,270000
160.7,480680
197.0,525000
81.8,291500
167.2,305000
148.6,285000
304.7,1875000
305.7,329500
268.5,1570000
160.7,379260
147.7,356000
158.9,571900
185.3,271500
120.8,390000
252.7,550000
126.3,755000
147.7,509500
111.5,486700
108.7,527500
186.7,475000
174.7,268000
301.9,562000
210.9,780000
341.9,700000
174.7,710000
97.5,445000
209.0,729000
156.9,384400
265.7,815000
251.8,865000
164.4,514000
262.0,615000
315.9,865000
288.9,755000
137.5,425000
87.3,375000
249.0,750000
296.4,722000
178.4,1011000
242.5,725000
96.6,170000
267.6,845000
134.7,271900
362.5,1300000
228.5,261500
201.6,619500
183.0,435000
92.9,210000
146.8,489950
197.9,260000
127.3,300000
199.7,530000
127.3,235000
127.3,593500
305.7,562000
296.4,585000
384.6,2400000
157.0,199500
157.0,544500
132.9,394900
183.9,912000
138.4,260000
336.3,858000
252.7,1275000
138.4,242150
114.3,220000
176.5,235000
142.1,370000
212.7,450000
208.1,534950
322.4,730000
283.4,465000
102.2,178000
149.6,215000
177.4,300000
140.3,430000
118.9,183000
177.4,585000
108.7,192950
144.0,599000
98.5,326500
96.6,358803
144.0,537000
231.3,1155000
85.5,156000
116.1,219000
236.0,1190000
203.5,248000
124.5,340000
223.9,899100
170.0,346950
171.9,330000
131.0,325000
135.6,315000
139.4,649950
105.0,316000
150.5,386000
216.5,535000
141.2,600000
263.8,339000
141.2,167000
161.7,430000
371.6,688000
258.3,834500
325.2,1075000
98.5,250000
119.8,402500
222.0,432500
228.5,485000
272.2,560000
204.4,410000
173.7,455000
191.4,459500
149.6,371000
197.0,289500
134.7,395000
183.9,496752
79.9,227000
135.6,330000
240.6,480000
104.1,290000
124.5,281000
165.4,705000
271.3,1400000
262.0,485000
144.0,622000
148.6,380000
296.4,2125000
182.1,561500
90.1,242000
126.3,348500
126.3,370000
354.0,752000
124.5,230000
184.9,715000
104.1,240415
191.4,562000
108.7,360000
149.6,659950
175.6,458500
99.4,259950
156.1,366000
268.5,978000
126.3,525000
154.2,926300
150.5,750000
89.2,660000
92.9,305000
222.5,800000
283.4,600000
104.1,435000
275.0,1135000
116.1,318000
180.2,639000
162.6,453000
199.7,800000
139.4,437000
300.1,1150000
278.7,490000
141.2,499950
110.6,160134
92.0,191000
116.1,221000
193.2,352800
152.4,350000
144.0,458000
119.8,359950
301.9,1050000
117.1,353000
263.8,717550
182.1,450000
70.6,167500
208.1,550000
208.1,939000
169.1,700000
313.1,480000
107.8,501000
152.4,580000
76.2,527550
260.1,399000
165.4,240000
204.4,353000
137.5,335000
186.7,475000
267.6,660000
87.3,551000
150.5,249950
408.8,1150000
142.1,575000
321.4,1088890
268.5,515000
183.9,235000
183.9,796000
134.7,450000
397.6,2050000
168.2,270000
231.3,1705000
149.6,565000
169.1,680000
854.7,5570000
327.0,864500
347.5,1150000
199.7,335000
327.6,911000
99.4,425000
131.0,299950
296.4,864000
118.0,425000
183.0,374950
152.4,247000
148.6,475000
280.6,275000
125.4,355000
173.7,285000
253.6,1338750
102.2,325000
401.3,1670000
250.8,402000
343.7,1100000
203.5,375000
263.8,396000
242.5,320000
244.3,610000
101.3,249950
287.1,675000
155.1,448000
120.8,819000
341.0,1250000
157.9,225000
237.8,790000
257.3,685000
301.0,812000
213.7,705000
230.7,360000
70.6,344000
189.5,825000
111.5,476500
89.2,379500
223.9,620000
210.0,477590
177.4,490000
139.4,470000
126.3,500000
122.6,370000
180.2,790000
246.2,725000
282.4,840000
115.2,390000
205.3,507000
143.1,263500
122.6,369000
282.4,500000
84.5,570000
189.5,284000
91.0,415000
91.0,197500
410.6,925000
145.9,468000
148.6,355000
170.0,639000
262.0,720000
167.2,381000
406.9,1050000
276.9,670000
157.0,400000
375.3,910000
116.1,294000
139.4,315001
151.4,360000
131.0,520000
105.9,474000
304.7,702000
324.2,728000
187.7,308000
425.5,2000000
210.9,340000
121.7,306500
131.9,716000
276.9,950000
388.3,673200
181.2,564500
166.3,393000
130.1,425000
122.6,150000
150.5,327000
289.9,444900
195.1,305000
127.3,469000
141.2,525000
223.9,330000
117.1,618000
262.9,295500
191.8,567035
245.3,518000
94.8,303000
204.4,300000
131.9,413107
125.4,400000
119.8,535000
156.1,555000
211.8,312000
170.9,785200
189.5,749000
138.4,285000
226.7,425000
179.3,360000
111.5,260000
144.0,369000
202.5,275000
132.9,407000
114.3,575000
155.1,1236000
252.7,875000
206.2,320000
141.2,810000
147.7,274000
137.5,239900
172.8,450000
126.3,263400
126.3,265000
219.3,418000
219.3,390000
172.8,430000
244.3,1442500
118.9,297000
216.5,650000
66.9,195000
314.0,554000
339.1,550000
152.4,700000
160.7,300000
95.7,315000
166.3,603000
78.0,530000
120.8,397500
115.2,221000
201.6,466000
123.6,197500
129.1,280000
115.2,412000
81.8,454000
236.0,540000
234.1,250000
233.2,900000
187.7,245000
191.4,290000
86.4,160000
250.8,1260000
98.5,325000
62.2,185000
162.6,477000
86.4,100000
224.8,345000
223.9,530000
106.8,203000
230.4,599000
121.7,370000
115.2,140000
106.8,500000
135.6,527200
284.3,549900
327.0,760000
89.2,319000
225.8,362300
179.3,421000
101.3,690000
259.2,640000
153.3,238000
347.5,789000
493.3,1050000
157.0,302500
130.1,259950
133.8,456000
126.3,369950
160.4,363750
206.2,585000
171.9,268000
265.7,1200000
104.1,345000
217.4,539000
349.3,851000
178.4,900000
300.1,850000
117.1,390000
143.1,345000
157.9,534500
334.5,643500
292.6,1206500
118.9,495000
91.0,535000
203.5,435000
229.5,305000
240.6,799000
239.7,700000
118.0,467000
116.1,263000
432.9,760000
187.6,293000
138.4,245000
144.9,181000
95.7,240000
237.8,880000
135.6,285000
71.5,407500
182.1,325000
176.5,405000
183.0,291700
231.3,370000
132.9,270000
249.0,800000
149.6,626500
399.5,1130000
297.3,399950
198.8,419000
393.9,1160000
316.8,1405000
194.2,710000
131.0,650000
262.0,369900
257.3,641000
130.1,403000
336.3,1015000
210.0,865000
319.6,2485000
199.7,810000
116.7,316750
206.2,652500
264.8,360000
65.0,208000
343.7,898000
130.1,295000
290.8,652500
201.6,560000
94.8,280000
163.5,289950
172.8,397500
105.9,380000
155.1,415900
158.9,475000
46.5,125000
136.6,238000
127.3,296000
322.4,475000
153.3,390000
109.6,425000
288.9,725000
193.2,605000
148.6,302000
221.1,886000
151.4,540000
177.4,435000
291.7,409000
116.1,405000
184.9,560200
196.0,324000
231.3,390000
74.3,414000
219.3,441500
164.4,375000
251.8,668500
180.2,540000
320.5,1035000
319.6,1345000
223.9,758000
212.7,949880
95.7,570000
212.7,736000
138.4,670000
220.2,1130000
179.3,650000
148.6,690000
208.1,610000
71.5,413500
213.7,765000
315.9,828200
83.6,205000
134.7,465000
208.1,556000
165.4,540000
215.5,423000
147.7,375000
92.0,173250
242.0,599900
266.6,646000
481.2,1075000
202.5,558000
79.0,354000
376.3,1195000
209.0,670000
288.0,1125000
162.3,267500
223.9,299800
192.3,430000
172.8,775000
88.3,333000
98.5,336000
81.8,323000
236.9,575000
144.0,328000
147.7,572500
153.3,600000
225.8,412000
168.2,827500
268.5,300000
118.9,415000
316.8,750000
206.2,800000
98.5,420000
104.1,266000
249.0,499000
164.4,440000
274.1,495000
117.1,630000
132.9,424000
253.6,760000
303.8,650000
159.8,248500
118.0,379600
302.9,538000
190.5,530000
190.5,545000
332.6,925000
182.1,565000
78.0,405100
120.8,502000
117.1,425000
153.3,233500
158.9,287000
109.6,190000
258.3,666000
88.3,330000
336.3,1490000
198.8,393000
178.4,353000
69.7,260000
191.4,680000
221.1,921000
69.7,319000
107.8,280000
97.5,220000
161.7,219000
190.5,528000
183.9,405000
157.0,372977
215.5,934550
230.4,1465000
212.7,975000
295.4,800866
322.4,950000
143.1,624000
260.1,1850000
97.5,310000
137.5,315000
93.8,675000
154.2,490000
256.4,600000
96.6,154000
206.2,480000
118.0,196900
275.0,735000
123.6,205500
112.4,357186
197.0,275000
194.2,248500
249.0,350000
166.3,390000
181.2,390000
347.5,660000
105.9,310000
230.4,717000
239.7,260000
212.7,745000
215.5,470000
235.0,429000
130.1,220000
191.4,497000
152.4,716100
182.1,371000
278.7,379000
122.6,937500
163.5,720000
197.9,616000
129.1,259000
130.1,538000
300.1,605000
103.1,369950
155.1,310000
143.1,227500
194.2,274000
131.0,410000
127.3,354800
177.4,650000
155.9,353000
89.2,224975
193.2,600000
166.3,437500
236.0,567000
166.3,225000
87.3,255000
632.7,2479000
83.6,370000
176.5,675000
133.8,285000
192.3,310000
208.1,475000
308.4,410000
181.2,895000
115.2,375000
170.0,349000
161.7,650500
131.0,760000
190.5,480000
299.1,689000
182.1,415000
99.4,195000
262.0,318000
377.2,404000
74.3,339950
117.1,215000
224.8,339900
75.3,285000
148.6,550000
125.4,430000
90.1,219000
165.4,555000
125.4,233000
170.9,248000
236.9,454000
157.9,950000
225.8,359000
254.6,407500
144.9,224000
96.6,210000
169.1,261000
170.3,719000
200.7,440000
195.1,525000
127.3,375000
131.4,428000
382.3,988830
144.0,199950
195.1,840000
107.8,285000
334.2,330000
114.3,147500
203.5,320000
96.6,382500
435.7,2048000
210.9,596000
181.2,220000
174.7,325000
264.8,679950
107.8,175000
127.3,268000
302.9,715000
294.5,600000
36.2,228000
320.5,950000
138.4,475000
135.6,700000
120.8,275000
120.8,369500
143.1,215000
197.9,593450
125.4,498800
227.6,849000
180.2,1151250
268.5,825000
156.1,265000
182.1,285000
147.7,240000
129.1,261000
226.7,330000
171.9,250000
260.1,350000
351.2,930000
177.4,275000
228.5,325000
75.3,255000
176.5,562200
324.2,952000
204.4,365000
110.6,332900
189.5,721000
223.0,487275
155.1,310000
92.0,245000
271.3,325000
170.9,550000
84.5,350000
274.1,599000
115.2,259950
183.9,240000
111.5,186000
118.9,395000
292.6,475000
325.2,815000
156.1,572000
126.3,419500
196.0,298700
189.0,549000
176.5,278000
221.1,455000
376.3,925000
104.1,465000
264.8,620000
219.3,499900
236.0,620000
107.8,450000
251.8,690000
289.9,1895000
289.9,1940000
173.7,832500
93.8,245000
276.9,820000
224.8,369000
355.8,1050000
282.4,653000
135.6,220650
180.2,300000
351.2,970000
181.2,360000
227.6,672500
160.7,268000
157.0,440000
236.9,1400000
212.7,590000
251.8,359000
174.7,266500
272.2,635000
288.9,559000
323.3,895000
103.1,625000
226.7,650000
211.8,312500
83.6,225000
183.9,425000
312.2,329999
217.4,572000
288.9,386500
91.0,452000
137.5,278000
167.2,474900
197.9,450000
118.0,611000
106.8,214100
170.9,317000
295.4,1000000
140.3,1000000
285.2,525000
167.2,436000
143.1,450000
216.5,588500
130.1,340000
264.4,482000
541.6,1575000
314.0,749000
133.8,330000
161.7,568000
136.6,239000
261.1,528000
194.2,385000
381.8,825000
300.1,815000
241.6,625000
192.3,690000
154.2,210000
147.7,599000
172.8,860000
131.9,147200
115.2,476900
232.3,450000
245.3,570000
133.8,567500
281.5,790000
169.1,875000
206.2,490000
225.8,335000
155.1,550000
109.6,385000
150.5,395000
95.7,650000
269.4,637000
317.7,692500
158.9,322400
146.8,233500
114.3,400000
204.4,547000
238.8,519000
308.4,1025000
101.3,365000
275.9,699000
183.0,525000
299.1,430000
148.6,325000
62.2,279000
219.3,805000
199.7,419950
57.6,425000
160.7,446000
232.3,455000
92.0,226550
131.9,764000
201.6,439950
174.7,453000
120.8,219950
219.3,702500
165.4,285000
200.7,798750
88.3,320000
156.1,425000
212.7,540000
384.6,1060000
364.2,1165000
139.4,576000
159.8,525000
245.4,324950
458.0,600000
228.5,464000
185.3,266000
279.6,775000
118.0,415000
286.1,550000
155.1,235000
136.6,280000
160.7,459000
99.4,195000
154.2,235000
223.9,711800
96.6,440000
90.1,515000
270.3,1200000
217.4,560000
174.7,340000
103.1,600000
259.2,764000
147.7,337000
529.5,1385000
111.5,249000
297.3,350000
140.3,269950
174.7,735000
285.2,1295000
196.0,475000
218.3,339000
303.8,600000
206.2,397500
556.5,1525000
163.5,460000
204.4,370000
144.0,250000
471.0,1100000
96.6,430000
237.8,1085000
171.9,670000
194.2,461550
186.7,479990
233.9,643000
261.1,607000
241.5,625000
191.4,731100
271.3,859000
197.9,435000
212.7,465000
114.3,740000
187.7,740000
132.9,250000
210.9,656000
177.4,300000
165.4,643000
249.9,311000
123.6,360000
284.3,475000
163.5,469950
145.9,240000
89.2,232000
156.1,350000
133.8,803000
182.1,355000
166.3,475000
237.8,823000
93.8,395000
237.8,499000
111.5,420000
363.3,961500
210.0,833000
196.0,479000
310.3,1150000
130.1,267000
163.5,555000
186.7,490000
213.7,619000
233.2,569950
124.5,549000
144.9,422500
311.2,400000
344.7,692500
225.8,310000
225.8,499900
195.1,492000
174.7,460000
151.4,800000
152.4,832600
214.6,470000
179.3,542000
441.3,1309500
213.7,308130
97.5,310000
139.4,235000
106.8,215000
178.4,210000
340.0,730000
159.8,245000
195.1,540000
223.0,299000
236.0,510000
193.2,198000
315.9,950000
204.4,300000
198.8,528000
357.7,507000
396.7,770000
124.5,255000
102.2,220000
266.6,690700
122.6,447000
199.7,755000
229.5,700000
177.4,250000
197.9,320000
208.1,565000
167.2,754300
200.7,650000
291.7,529888
178.4,432000
97.5,235000
343.3,994900
363.3,489000
279.6,800000
127.3,370000
193.2,436000
209.0,395000
197.0,377691
206.2,370000
133.8,515000
84.5,169000
118.0,475000
230.4,420000
244.3,1297000
223.9,822000
272.2,1500000
145.9,485000
176.5,270000
240.6,300000
354.0,878000
212.7,590000
113.3,611900
102.2,240000
261.1,395000
82.7,169000
118.9,200500
215.5,308000
159.8,290256
142.1,279950
146.8,195000
126.3,630000
249.0,1160000
152.4,478000
234.1,835000
130.1,639000
213.7,623000
176.5,220000
185.8,526000
83.6,243500
276.9,750000
171.9,329000
145.9,525000
62.2,190000
247.1,772650
196.0,355000
183.0,650000
112.4,678500
248.1,669950
278.7,850000
204.4,572000
143.1,492450
193.2,813000
165.4,710000
182.1,792500
157.0,285900
193.2,389000
192.3,675000
70.6,352000
373.5,1050000
336.3,768500
216.5,500000
135.6,685000
209.0,648475
264.8,655000
245.3,895000
121.7,195000
252.7,368000
318.7,997000
184.9,335000
108.7,250000
129.1,278500
143.1,260000
70.6,162500
118.9,239000
277.8,600000
164.4,350000
355.8,852500
266.6,485000
141.2,299000
61.3,227450
167.2,383000
331.7,835000
283.4,760000
76.2,532500
335.4,635000
138.4,438500
144.9,545500
154.2,675000
109.6,450000
89.2,199999
151.4,375000
210.0,600000
141.2,292600
283.4,1038000
92.9,610000
246.2,397450
162.6,382000
164.4,370000
164.4,520000
71.5,260000
313.1,890000
197.9,344000
97.5,205000
260.4,379000
193.2,424240
193.2,589950
197.0,582000
236.9,349000
119.8,658000
166.3,294000
252.7,690000
96.6,600000
78.0,199990
153.3,220000
193.2,440000
143.1,439990
360.5,815000
172.8,535000
118.9,215000
297.3,605000
204.4,349900
145.9,495000
192.7,515100
227.6,620000
234.1,657500
203.5,250000
203.5,385000
215.5,307000
127.3,288000
160.7,226450
152.4,390000
120.8,350000
144.9,368000
104.1,469000
248.1,865000
354.0,515000
133.8,410000
111.5,210000
141.2,460000
232.3,241500
186.7,322200
112.4,279000
102.2,303000
97.5,420000
197.0,249000
115.2,294950
321.4,1315000
118.0,335000
276.9,1155000
116.1,520000
161.7,560000
160.7,243400
115.2,405000
155.1,495000
198.8,350000
235.0,368500
89.2,99000
383.7,1070000
158.9,430000
138.4,412500
441.3,1122500
315.9,915000
205.3,535000
153.3,390000
117.1,499000
182.1,375000
167.2,349000
180.2,635000
262.0,682000
262.0,321027
66.9,150000
152.4,410000
144.9,449950
144.9,194990
177.4,475000
145.9,530000
189.3,319950
159.8,210000
155.1,485000
262.9,774000
157.0,478000
150.5,385000
219.3,595000
137.5,285000
250.8,723000
165.4,279000
132.9,195000
200.7,625000
167.2,270000
179.3,559000
182.1,474000
178.4,303500
136.6,350000
276.9,367500
276.9,595000
219.3,589000
166.3,585000
197.9,482975
188.6,365500
166.3,570000
210.0,335000
218.3,767500
157.0,386591
122.6,279000
249.9,620000
261.1,407000
211.8,364250
266.6,399000
281.5,766950
273.1,710000
110.6,320000
167.2,300000
146.8,263000
160.7,445000
177.4,554000
92.9,335000
234.1,307000
131.9,404000
286.1,775000
98.5,220000
200.7,518000
377.2,1600000
180.2,315000
209.0,572650
150.5,350000
85.5,285000
127.3,231000
85.5,179000
126.3,244000
151.4,185850
335.4,610000
279.6,419000
215.5,779000
305.7,695000
189.5,319900
178.4,329000
197.0,475226
201.6,638000
123.6,440000
146.8,214000
332.6,600000
239.7,935000
179.3,630000
197.0,575000
184.9,345000
121.7,323000
248.1,425000
177.4,411000
142.1,299800
271.3,823000
93.8,200000
227.6,760000
169.1,359950
194.2,375000
204.4,295000
209.0,250000
134.7,497000
211.8,520000
252.7,365000
209.0,459900
101.3,158000
183.0,294700
258.3,439950
212.7,899000
216.5,535000
377.2,530000
136.6,215000
150.5,290000
299.1,798000
303.8,785000
200.7,433000
106.8,425000
208.1,654000
118.9,215000
78.0,232000
156.1,675000
216.5,665000
281.5,835000
267.6,525000
270.3,780000
287.1,844000
252.7,680000
121.7,290000
166.3,560000
262.9,605500
292.6,762500
365.1,1740000
263.8,665000
230.4,540000
179.3,375000
117.1,342000
62.2,340000
365.1,1250000
293.6,693000
164.4,638500
208.1,805000
92.0,250000
146.8,325000
144.9,270000
245.3,880000
197.0,300000
111.5,290000
468.2,2850000
135.6,259950
454.3,1780000
146.8,299950
195.1,483000
191.4,890000
157.0,719000
313.1,785000
216.5,660000
169.1,264000
175.6,575000
354.9,1215000
257.3,475000
280.6,845800
108.7,352500
118.0,347000
181.2,560000
207.2,323000
206.2,595000
191.4,257500
102.2,450000
105.9,410000
183.9,810000
230.4,372500
97.5,325000
117.1,280000
156.1,258000
126.3,329950
227.6,836000
210.0,365000
98.5,111300
345.6,864000
149.6,725000
311.2,550000
73.4,130000
154.2,765000
131.9,255000
190.5,439500
116.1,268000
157.9,985000
247.1,751305
125.4,280000
168.2,304000
205.3,200000
197.0,325000
229.5,736000
250.8,426500
163.5,640000
179.3,230000
156.1,366350
129.1,365000
208.1,482000
183.9,345000
170.0,682000
91.0,657500
329.8,895000
154.2,425000
231.3,532500
216.4,540000
166.3,578000
262.9,1086000
107.8,322500
92.9,140000
236.0,485000
162.6,575000
268.5,421000
173.7,355000
204.4,515000
120.8,309000
316.8,815000
107.8,285000
195.1,700000
138.4,289000
304.7,458000
134.7,230000
179.3,432500
154.2,288000
117.1,354000
108.7,119500
311.2,805000
131.9,435000
201.6,260000
167.2,377000
185.8,602000
154.2,530000
143.1,525000
107.8,250000
157.9,681000
146.8,625000
193.2,448500
95.7,260000
164.4,538000
143.1,385500
246.2,428400
249.9,346290
205.3,587000
222.0,355000
239.7,650000
200.7,340000
207.2,565000
185.8,630000
118.9,227000
261.1,600000
156.1,540400
199.7,569000
262.0,735000
162.6,434000
98.5,578888
225.8,465425
247.1,280500
155.1,539950
128.2,406430
386.5,1150000
166.3,250000
180.2,266000
129.1,258000
204.4,472000
117.4,530000
101.7,302282
79.0,370000
163.5,625000
64.1,142500
130.1,334000
168.2,362000
121.7,181000
130.1,241500
218.3,245000
106.8,227500
158.9,158550
154.2,450000
181.2,485000
165.4,353000
227.6,500000
191.4,360000
143.1,357500
153.3,272000
107.8,422000
133.8,365000
199.7,450000
98.5,275053
243.4,1880000
151.4,725000
170.9,235000
76.2,510000
76.2,489950
186.7,463000
184.9,536000
277.8,375000
236.0,630000
152.4,362000
232.3,350000
373.5,1691000
139.4,255000
148.1,269000
197.9,370000
105.0,270000
157.0,265000
133.8,487000
303.8,835000
404.1,850000
149.6,575000
88.3,335000
93.8,318000
131.9,510000
111.5,242500
187.7,750000
314.9,439900
157.9,710000
316.8,2400000
188.6,435000
265.7,874000
157.0,385000
70.6,110000
165.4,477000
144.0,500000
380.0,885000
81.8,235000
122.6,210000
88.3,320000
129.1,406000
176.5,350000
129.3,350000
310.3,720000
255.5,604700
130.1,343000
206.2,558000
112.4,364000
222.0,420000
173.7,450000
87.3,392000
104.1,100000
116.1,480000
98.5,212000
223.9,560000
264.2,359950
204.4,535000
321.4,980000
146.8,720000
141.2,619950
210.0,489000
167.2,415000
246.2,672500
92.9,352500
213.7,258750
100.3,350000
83.8,152000
67.8,378500
241.5,1017000
145.9,419000
267.2,895000
212.7,668500
136.6,487000
243.4,538000
249.0,898000
187.7,315000
195.1,800000
140.3,516130
264.8,1600000
397.6,1200000
300.8,355425
254.6,1157400
187.7,689000
141.2,500000
358.6,430000
148.6,299500
194.2,349950
373.5,1419000
270.3,998000
83.6,329000
159.8,575000
281.5,529900
281.5,1470000
203.5,725000
156.1,286000
112.4,335000
104.1,395300
295.4,510000
85.5,203000
65.0,248000
236.0,265000
195.1,1000000
143.1,1000000
131.9,241400
134.7,309950
144.0,294010
178.4,345000
178.4,625000
233.2,660000
154.2,559000
370.7,866000
218.3,770000
125.4,259950
276.9,352000
593.7,2466350
147.7,395000
130.1,276500
174.7,530000
325.2,798000
127.3,380000
261.1,350000
206.2,325000
196.0,336000
159.8,286900
165.4,472000
131.0,263000
196.0,565000
250.8,765000
242.5,1517000
154.2,405000
424.6,1098000
349.3,555000
149.6,305000
161.7,289950
327.9,487500
78.0,96500
78.0,185000
136.6,150550
229.5,339000
206.2,675000
159.8,615000
250.8,837500
88.3,250000
166.3,583000
149.6,499000
212.7,550000
201.6,400000
195.1,990400
215.5,600000
104.1,325000
142.1,265000
324.2,1620500
109.6,347500
190.5,629000
219.3,1087500
238.8,397500
118.0,404500
116.1,225000
233.2,267000
249.9,800000
269.4,339000
355.8,1850000
118.9,525000
404.1,1150000
127.3,565000
114.3,387000
226.7,720000
409.7,1500000
84.5,235000
84.5,365000
199.7,368250
199.7,580000
296.4,1100000
197.9,215000
254.6,648000
292.6,705000
134.7,465000
223.0,650000
211.8,335000
214.6,640000
228.5,638250
390.2,1460000
150.5,375000
201.6,842000
267.6,499950
304.7,810000
269.4,310000
200.7,730000
209.0,637800
124.5,225000
129.1,417500
148.6,265000
190.5,550000
238.8,625700
247.1,595000
143.1,270000
245.3,739375
112.4,357562
349.3,1010000
125.4,455000
241.5,310000
362.3,415000
124.5,452000
163.5,810000
170.9,730001
276.9,825000
160.7,665000
153.3,327500
313.1,699950
204.4,424000
202.5,657000
138.4,445000
142.1,450000
109.6,350000
193.2,460000
297.3,385000
174.7,272000
233.2,535000
98.5,216500
197.9,325000
122.6,420200
96.6,258000
106.8,450000
197.0,720168
197.9,652000
217.4,569500
209.0,411000
175.6,524950
105.9,153000
258.3,775000
222.0,338500
222.0,570000
249.0,653000
144.9,435000
105.0,207000
104.1,540000
190.5,386000
241.5,265000
97.5,250000
241.5,1697000
261.2,455000
377.2,1795000
210.0,759000
411.6,970000
55.7,280000
225.8,690000
317.7,789900
109.6,447500
186.7,440000
114.3,278000
255.5,980000
120.8,245000
106.8,287000
206.2,435000
190.5,585000
157.9,616000
149.6,203000
252.7,860000
203.5,833000
253.6,565000
231.3,572500
140.3,254000
438.5,1525000
354.0,900000
181.2,899000
120.8,560000
149.6,512500
189.5,775000
65.0,200000
90.1,172000
84.5,219900
98.5,641200
202.5,473000
190.5,540000
69.7,295000
74.3,370000
322.4,1727000
129.1,275000
83.6,89000
97.5,175000
223.9,490000
109.6,342400
105.9,345000
65.0,399000
191.4,550000
207.2,652450
181.2,438000
195.1,605000
197.9,395000
174.7,449950
214.6,651100
81.8,241000
506.3,3418800
119.8,268500
93.8,200000
157.0,400375
125.4,429000
63.2,230000
265.7,1200000
56.7,314200
247.1,513000
129.1,535000
212.7,420000
196.0,345950
111.5,483500
219.3,695000
218.3,295000
147.7,434975
168.2,513000
176.5,360000
116.1,234900
304.7,963000
80.8,595000
331.7,942500
351.2,1029000
110.6,350000
211.8,416500
95.7,209900
266.6,802000
141.2,230000
343.7,489000
208.1,497000
178.4,250000
237.8,925000
170.9,390000
193.2,415000
148.6,785000
201.4,575000
79.9,170000
195.1,750000
105.9,230000
287.1,855000
123.6,235000
126.3,335000
317.7,1195000
202.5,677000
167.2,575000
104.1,450000
276.9,817250
241.5,440000
144.0,526000
309.4,762500
204.4,325000
356.7,840000
78.0,377500
118.0,212500
301.0,749400
230.4,663000
415.3,1476000
165.4,261000
171.9,515000
204.4,410000
256.4,336000
101.3,440000
287.1,908950
76.2,554000
134.2,387000
168.2,268643
150.5,514000
98.5,420000
97.5,199000
93.8,225000
190.5,320000
90.1,204995
143.1,376000
278.7,705000
296.4,725995
173.7,285000
204.4,285000
285.2,731000
346.5,1564350
226.7,510000
92.0,620000
386.5,1110000
341.0,796000
84.5,255000
180.2,807000
165.4,315000
204.4,637000
595.5,2725000
192.3,490000
189.5,253000
215.5,325900
133.8,425000
157.9,215000
157.9,315000
190.5,724800
74.3,295000
167.2,509007
135.6,306000
119.8,205000
176.5,275000
137.5,685000
194.2,465000
181.2,560000
116.1,458500
92.0,354000
254.6,441000
117.1,194000
199.7,316500
162.6,524950
267.6,1052000
240.6,925000
225.8,780000
136.6,241000
187.7,519000
56.7,286000
278.7,400000
85.5,255000
99.4,152000
316.8,599000
169.1,330000
98.5,461000
285.2,620000
213.7,352500
149.6,435000
262.9,725000
90.1,300000
156.1,252000
189.5,464625
134.7,340000
266.6,1325000
173.7,455000
231.3,495000
311.2,925000
296.4,587000
144.9,524000
255.5,1030000
85.5,176000
105.9,249900
234.1,499500
292.6,600000
189.5,294000
165.4,272000
208.1,390000
303.8,700000
288.9,635000
171.9,920000
145.9,500000
69.7,263500
208.1,975000
173.7,575000
249.3,822000
138.4,300000
217.4,487600
157.9,500000
134.7,680000
307.5,419000
141.2,450000
117.1,650000
170.9,550000
162.6,330000
134.7,282510
588.1,2385000
117.1,230000
195.1,750000
225.8,321000
394.8,2196000
170.0,245000
121.7,510000
287.1,751000
237.8,675000
179.3,295000
135.6,312000
321.4,730000
305.7,762500
76.2,150000
137.5,270000
131.9,400000
259.2,650000
129.1,530000
88.3,248000
278.7,760000
118.9,199000
80.8,240000
126.3,415000
92.9,228000
254.6,525000
144.9,399950
240.6,781000
171.9,827000
232.3,525000
304.7,671300
62.2,175000
268.5,1100000
278.7,800000
178.4,329950
182.1,445000
185.8,237000
334.5,1112500
254.6,438900
339.1,1280000
214.6,600000
194.6,670000
144.9,519000
174.7,320000
78.0,270000
253.6,1000000
79.9,330000
215.5,657500
143.1,450000
82.7,150000
398.6,792500
181.2,540000
93.8,229900
262.9,533000
139.4,239000
313.1,713900
293.6,427500
103.1,302000
355.8,1150000
293.6,555000
195.1,495000
208.1,495000
98.5,340000
218.3,464950
180.2,320000
107.8,440000
170.9,686000
210.0,555000
78.0,361500
262.9,1240000
148.6,154950
127.3,247200
182.1,250000
136.6,590300
254.6,541125
101.3,310000
228.5,704111
169.1,277500
182.1,325000
163.5,289200
66.9,185000
322.4,1445000
127.3,420550
220.2,603000
129.1,345000
170.9,650000
259.2,589950
135.6,309950
243.4,775000
207.2,590000
301.9,863500
110.6,517500
194.2,700000
239.7,699000
195.1,350000
293.6,795000
194.2,543000
145.9,325000
94.8,337500
120.8,425000
196.0,780000
112.4,259000
184.9,524400
151.4,260000
128.6,273000
314.0,639900
230.4,420000
118.0,510500
93.8,290000
138.4,226000
76.2,300000
168.2,407450
284.3,390000
276.9,1058800
319.6,610000
169.1,239975
215.5,375000
243.4,742500
203.5,450000
165.4,300000
204.4,216600
148.6,525000
227.6,455000
249.0,390000
171.9,450000
161.7,382000
138.4,287000
182.1,460000
128.2,435000
140.3,575000
131.0,626700
133.8,352000
85.5,650000
101.3,197000
259.2,340000
170.9,560000
124.5,354000
238.8,670000
279.6,769000
200.7,650000
198.8,650000
194.2,289950
168.2,300000
163.5,471000
232.3,639000
86.4,287000
281.5,740000
135.6,499922
273.1,675000
312.2,738515
196.0,445000
254.6,1039000
99.4,346000
156.1,450000
210.0,350000
544.4,2400000
221.1,594950
308.4,1695000
97.5,219000
192.3,450000
166.3,402000
78.0,275000
92.0,421500
382.8,560000
150.5,314000
124.5,287000
139.4,277000
120.8,337500
288.0,792000
314.0,435000
247.1,313100
157.9,575000
170.9,510000
82.7,299950
260.1,1028000
186.7,364000
128.2,335000
112.4,219950
118.9,215000
380.0,640000
146.8,535000
177.4,253000
161.7,650000
105.0,672000
183.0,606000
165.4,292000
155.1,289950
126.3,257500
170.9,380000
116.6,360000
170.9,269500
275.0,449000
132.9,375000
556.5,2200000
323.3,810000
395.8,994000
169.1,275000
119.8,300000
197.9,380000
108.7,200000
160.7,635000
81.8,280000
221.1,574000
123.6,1050000
165.4,545000
113.3,271950
231.3,630000
109.6,400000
214.6,334000
133.8,332500
150.5,525000
243.4,408000
344.7,846450
96.6,411100
308.4,409124
74.3,335950
189.5,480000
182.1,280000
248.1,668000
272.2,750000
77.1,394475
212.7,848000
233.2,675000
118.9,175000
168.2,560000
193.2,538888
156.1,359000
154.2,300000
153.3,273000
131.9,670000
208.1,530000
114.3,625000
117.1,248000
191.4,533000
287.1,549950
299.1,485000
187.7,353500
177.4,435000
106.8,241000
253.6,885000
268.5,799200
211.8,760000
96.6,270000
226.7,675000
159.8,499000
318.7,1202500
238.8,320000
405.1,890000
191.4,275000
280.6,490000
217.4,550000
223.0,390000
149.6,277000
101.3,236000
136.6,265953
155.1,545000
171.9,535000
366.0,1450000
216.5,490000
187.7,319950
120.8,625000
109.6,248000
122.6,475000
234.1,410000
156.1,670000
185.8,430000
109.6,313000
309.4,950000
174.7,751750
277.8,760000
140.3,310650
288.9,367500
199.7,580000
176.5,580000
252.7,665000
144.9,239950
184.9,470000
161.7,733000
197.9,250000
140.3,402000
195.1,295000
217.8,355000
183.0,289000
136.6,376000
87.3,212700
165.4,325000
207.2,415000
331.7,935000
178.4,372000
119.8,240000
174.7,334950
275.0,426500
170.9,430000
175.6,400000
169.1,455850
406.0,1965220
142.1,400000
95.7,397500
185.8,755000
160.7,287000
336.3,480000
189.5,490000
245.3,365000
148.6,260000
137.5,505000
65.0,260000
65.0,430000
327.0,905000
153.3,440000
126.3,439500
125.4,270000
183.0,306500
136.6,380000
149.6,215000
75.3,299900
262.0,1450000
176.5,239950
170.0,494000
160.7,317500
196.0,670000
284.3,650000
243.4,852000
101.1,250000
130.1,264950
143.1,582500
143.1,384000
214.6,817000
160.7,320000
192.3,445800
83.6,263300
79.9,215000
276.9,842500
276.9,850000
254.6,386000
166.3,251100
162.6,435000
335.4,870000
132.9,800000
145.9,555000
211.8,280000
87.3,356000
271.3,675000
210.0,605000
185.8,690500
133.8,437000
214.6,850000
213.7,350000
138.4,480000
170.0,379500
412.5,600000
461.7,1436000
92.9,303000
458.9,800000
183.9,549000
144.9,324950
80.8,170000
78.0,178000
116.1,144000
289.9,1580000
69.7,258000
66.0,345000
212.7,470000
348.4,2903000
91.0,350000
147.7,225500
87.3,473000
162.6,279000
135.6,470000
143.1,565000
237.8,695000
154.2,315000
174.7,529000
325.2,750000
170.9,481500
98.5,211000
166.3,455000
75.3,238950
241.5,722500
300.1,795000
208.1,327500
315.9,585000
291.7,775000
258.3,645000
215.5,445000
127.3,257950
207.2,375000
149.6,245000
316.8,725000
261.1,702000
171.9,330000
166.3,940000
106.8,354500
224.8,279950
146.8,284000
163.5,480000
163.5,647500
255.5,625000
85.5,152000
89.2,322000
104.1,445000
144.9,595000
128.2,165000
180.2,278500
168.2,517500
102.2,343566
183.9,286285
124.5,474905
156.1,550000
191.4,286000
243.4,900000
149.6,449950
138.4,259000
176.5,340000
319.6,785000
170.9,490000
216.5,344950
209.0,950000
185.8,810000
279.6,998160
156.1,377000
142.1,595000
90.1,313300
144.0,360000
154.2,188000
341.9,755000
298.2,1289000
137.5,455000
334.5,817500
157.9,550000
156.1,260000
144.0,320000
351.2,1153000
219.3,362000
168.2,503500
212.7,653000
313.1,760000
194.2,775000
197.9,1339000
191.4,417500
144.9,525000
67.8,217000
270.3,525000
231.3,442500
158.9,525000
141.2,425500
272.2,710000
293.6,545000
270.3,410000
157.9,245000
75.3,194900
185.8,284000
176.0,280000
193.2,280000
160.7,360000
66.9,405000
330.7,865000
112.4,483300
197.9,355000
145.9,274950
367.0,1925000
320.5,755000
670.8,1940000
106.8,309212
139.4,219950
120.8,690000
119.8,250800
233.2,557500
215.5,941000
509.1,3650000
188.6,305000
191.4,815000
271.3,1015000
309.4,1240000
196.0,535000
109.2,775000
147.7,255000
99.4,327000
252.7,560000
276.9,1339000
107.8,199500
332.6,760000
280.6,439000
221.1,527000
210.9,199950
154.2,254000
77.1,393000
230.4,585000
176.5,450000
155.1,565000
185.8,330000
215.5,870000
172.8,585000
196.0,500000
130.1,225000
130.1,295000
264.8,775000
127.3,280000
201.6,539000
238.8,567500
183.0,442500
276.9,598200
213.7,610000
184.9,544900
222.0,557500
200.7,532500
306.6,1350000
170.9,750000
188.6,530000
130.1,346100
215.5,260000
131.0,365000
172.8,615000
169.1,318400
177.4,498500
143.1,450000
132.9,200000
93.8,234000
87.3,121800
241.5,805000
191.4,410000
178.4,475000
269.4,1337500
94.8,269000
199.7,573000
154.2,330000
114.3,252750
201.6,745000
118.9,280000
208.1,535000
165.4,580000
170.9,301000
161.7,600000
282.4,538900
220.2,366000
195.1,303000
136.6,432000
120.8,300000
317.7,908800
110.6,500000
193.2,254000
202.5,470000
135.6,480000
142.1,536000
440.4,1349000
183.9,550000
158.9,260000
107.8,284900
204.4,740000
108.7,425000
104.1,230000
158.9,675000
153.3,267500
263.8,814000
307.5,1250000
172.8,460000
209.0,445000
268.5,715000
197.0,425000
197.9,370000
108.7,302000
197.0,453000
118.9,290000
294.5,1035000
210.0,925000
272.2,600000
98.5,354000
161.7,204950
277.8,675000
327.9,995000
275.0,800000
153.3,472500
252.7,549950
140.8,575575
407.5,545000
239.7,340000
89.2,225000
135.6,299950
356.7,829900
194.2,340000
229.5,515000
194.2,601000
192.3,470000
153.3,371500
174.7,550000
191.4,242550
131.0,367500
257.3,359000
129.1,204900
505.4,850000
118.9,187000
159.8,326000
159.8,340000
282.4,330000
351.2,782000
248.1,612000
125.4,400000
324.2,941500
80.8,313000
223.9,735000
152.4,471000
143.1,350000
220.2,530000
170.0,415000
216.5,639500
208.1,580379
157.9,378000
162.6,265000
102.2,212000
215.5,400000
236.0,750000
287.1,384900
71.5,176000
220.2,350000
111.5,168000
204.4,358000
247.1,580000
148.6,442500
123.6,515000
319.6,554000
233.2,659000
199.7,414999
109.6,275000
63.2,193000
263.8,525000
169.1,424000
99.4,455000
116.1,463000
203.5,1100000
278.7,523000
210.9,615000
418.1,1515000
315.9,870000
262.9,710000
89.2,215000
142.1,590000
232.3,323000
144.9,279000
192.3,535100
251.8,830000
292.6,815000
174.7,535900
116.1,230000
212.7,325500
184.9,359000
195.1,505000
87.3,253905
152.4,369950
172.8,350000
195.1,650000
139.4,295000
156.1,620000
362.3,1998000
130.1,246000
241.5,430000
133.8,509990
173.7,490000
275.0,385000
226.7,769000
104.2,185000
98.5,303500
199.7,468000
288.0,449950
81.8,235000
231.3,520000
100.3,203000
235.0,657000
111.5,275000
264.8,540000
274.1,455000
107.8,458500
317.7,549900
208.1,750000
134.7,235000
169.1,286000
436.6,2650000
225.8,602000
182.1,640000
133.8,267000
253.6,712000
84.5,244500
84.5,301000
225.8,990000
311.2,739999
215.5,480000
117.1,305000
183.9,703300
146.8,265000
251.8,600000
130.1,253000
223.9,617950
166.3,385000
152.4,319000
155.1,696000
90.1,345000
149.6,380000
191.4,647500
331.7,725000
130.1,269950
322.4,875000
112.4,299950
365.1,1875000
92.0,430000
204.4,495000
140.3,275000
150.5,333000
146.8,247000
117.1,204555
203.5,432000
114.3,175000
188.6,556300
72.5,286000
103.1,320000
259.2,815000
154.2,385000
316.8,1039000
222.0,350000
171.9,277000
232.3,415000
92.9,295000
227.6,969000
133.8,339888
154.2,269950
233.2,1185000
287.1,780000
79.9,198000
113.3,350000
93.8,350000
222.0,319000
310.3,311000
336.3,394000
390.2,1335000
355.9,2700000
183.9,396000
166.3,809000
146.8,480000
228.5,535000
196.0,425000
136.6,408000
326.1,1255000
48.3,310000
181.2,292000
71.5,217000
209.0,398500
375.3,2250000
219.3,700000
216.5,585000
159.8,399950
176.5,235000
96.6,212000
192.3,310000
192.3,539000
144.0,390000
187.7,560000
308.4,800000
383.7,1900000
188.6,472000
164.4,502550
309.4,830000
210.0,224950
181.2,375000
272.2,645000
182.1,599000
276.9,515000
72.5,135000
153.3,485000
374.4,890000
93.8,215000
110.6,299500
97.5,800000
144.9,275000
138.4,256400
71.5,310000
57.6,385000
111.5,203000
197.0,285000
216.5,473975
185.8,320000
262.0,599000
189.5,580000
157.9,269500
76.2,274000
122.2,347000
129.1,270000
175.6,1430000
135.6,220000
137.5,243000
170.9,457500
174.7,340000
177.4,657500
206.2,332500
131.0,340000
314.0,350000
181.2,428000
223.0,515055
144.9,450000
96.6,190000
287.1,1000000
171.9,299000
111.5,508000
203.5,294000
128.2,320000
344.7,641000
215.5,675000
103.1,255000
170.0,286651
228.5,607500
118.0,765000
157.9,334950
105.0,426000
152.4,775000
96.6,343000
215.5,470101
111.5,195000
159.8,772500
216.5,450000
409.7,1437500
153.3,525000
127.3,280000
164.4,270000
131.0,406100
158.9,332544
73.4,110000
257.3,685000
117.1,461000
213.7,615000
99.4,550000
357.7,1060000
215.5,685000
266.6,1555000
170.0,312000
184.9,507500
103.1,217000
170.0,439000
334.5,620000
298.2,915000
138.4,425000
92.0,435000
152.9,305000
66.9,276000
214.6,327500
248.1,810000
284.3,715000
128.2,272000
65.0,266000
158.9,543000
134.7,400000
191.4,509500
221.1,495000
256.4,424950
87.3,230000
163.5,235000
126.3,763000
186.7,350000
200.7,900000
86.4,250000
94.8,225000
126.3,255000
159.8,161700
166.3,336000
106.8,410500
251.8,502700
223.0,505000
154.2,250000
154.2,570000
212.7,349900
266.6,465000
393.9,625000
167.2,655000
275.0,469000
183.9,355000
160.7,596000
280.6,790000
415.3,885000
262.9,1030000
197.0,710000
199.7,428040
326.1,1370000
90.1,546000
126.3,540000
136.6,435000
282.4,540000
79.9,284000
76.2,208000
176.5,315000
123.6,417500
115.2,345000
123.6,375000
174.7,389800
175.6,475000
209.0,569000
432.0,985000
170.0,532000
66.9,280000
182.1,435000
113.3,223000
167.2,390000
124.5,315000
161.7,612000
156.1,591000
299.1,800000
149.6,225000
293.6,589900
234.1,565000
197.0,650000
194.2,499000
123.6,280000
224.8,649950
140.3,420000
197.0,319990
171.9,265000
213.7,482000
241.5,452000
481.2,1488000
168.2,375000
203.5,588000
232.3,635000
175.6,280500
189.5,210500
121.7,196500
372.5,1395000
165.4,475000
183.9,550000
342.8,1580000
143.1,240000
105.0,272000
230.4,408506
239.7,640000
186.7,316000
215.5,299000
109.6,447500
295.4,736500
275.9,665000
283.4,707000
151.4,215000
150.5,275000
201.6,648000
199.7,415000
164.4,690000
196.0,320000
147.7,750000
127.3,355000
129.1,246000
152.4,1155000
248.1,744000
501.7,1210000
157.0,217000
241.5,583000
130.1,515000
198.8,594000
152.4,303100
159.8,430000
284.3,708000
106.8,221000
185.8,325000
446.9,1295650
144.9,385000
192.3,359500
178.4,433000
92.9,525000
157.0,356200
287.1,595000
166.3,560000
441.3,2175000
194.2,513000
63.2,365000
195.1,368000
263.8,870000
136.6,225000
417.1,1387000
106.8,177000
135.6,465000
292.6,750000
101.3,149000
248.1,605000
196.0,725000
164.4,413900
140.3,199950
49.2,400000
224.8,870000
231.3,292000
92.0,225000
160.7,466750
133.8,330000
302.9,770000
181.2,802500
254.6,378800
273.1,795000
111.5,460000
192.3,567000
145.9,209950
97.5,415000
170.0,424500
90.1,261000
204.4,365000
179.3,631000
655.0,3800000
166.3,584000
144.9,310000
258.3,717000
159.8,667000
152.4,190000
160.7,430000
68.7,213000
211.8,475000
194.2,649000
236.9,715000
311.2,845000
257.3,390000
265.7,390000
184.9,328000
161.7,239999
135.6,225000
341.0,920000
303.8,940000
112.4,465000
164.4,241000
183.9,307550
246.2,490000
282.4,647000
338.2,780000
168.2,517500
128.2,295000
168.2,560000
209.0,319450
358.6,1500000
221.1,340000
127.3,249950
170.0,499950
133.8,1038000
233.2,750000
300.1,875000
155.1,678000
72.5,360000
159.8,354900
210.0,632000
137.5,350000
236.9,990000
364.2,1650000
212.4,481000
139.4,485000
161.7,477000
267.6,560000
241.5,600000
308.4,622500
154.2,410000
184.9,318200
156.1,289000
145.9,263000
106.8,240000
118.0,281500
175.6,587206
125.4,482000
153.3,485000
134.7,309000
152.4,221000
188.6,700000
224.8,411500
257.3,285000
183.9,395000
135.6,237950
149.6,680000
93.8,199950
256.4,765000
98.5,515000
140.3,470000
81.8,330000
199.7,284000
154.2,295000
200.7,555000
127.3,350000
135.6,240000
134.7,419900
144.9,528000
230.4,481000
68.7,304700
271.9,715000
210.0,738950
115.2,215000
189.5,300000
118.0,346000
406.0,473000
157.9,500000
120.8,750000
169.1,519900
81.8,378500
173.7,314500
125.4,499950
452.4,1735000
228.5,630000
159.8,360000
253.6,460000
102.2,361000
168.2,713400
86.4,445000
147.7,305000
251.8,1430000
135.6,222000
315.9,510000
271.3,500000
84.5,605000
122.6,393000
231.3,725000
206.2,320000
105.0,210000
255.5,419900
208.1,410000
249.0,721000
118.0,605000
141.2,738000
230.4,725000
89.2,255000
124.5,303000
101.3,394950
208.1,530000
347.5,475000
167.2,250000
72.5,180000
123.6,443500
176.5,390000
145.9,430000
288.0,460000
254.6,660000
145.9,515000
123.6,482500
105.9,305000
144.0,835000
119.8,237000
140.3,445000
252.7,710000
78.0,180000
171.9,280017
212.7,436500
297.3,1255000
167.2,420000
79.9,205000
183.9,570000
198.8,565000
223.9,287000
153.3,260000
153.3,470000
223.9,700000
141.2,249000
190.5,568000
159.8,500000
222.0,358000
156.1,225000
98.5,275500
172.8,495000
162.6,758800
137.5,280000
176.5,380500
576.9,3200000
133.8,260000
177.4,630000
186.7,875000
89.2,457500
115.2,900000
80.8,235000
130.1,410000
171.9,355000
396.7,1300000
210.0,467500
249.9,500000
258.3,995000
105.9,277000
269.4,630000
262.9,628000
237.8,655000
115.2,170000
195.1,352500
289.9,615000
90.1,165000
213.7,243500
88.3,304000
196.0,369000
277.8,779950
273.1,605000
172.8,292500
169.1,500007
181.2,449999
175.6,355000
251.8,258000
199.7,380000
345.6,650000
239.7,456500
143.1,259950
97.5,123000
112.4,520000
189.5,506000
91.0,425000
184.9,438000
224.8,1490000
115.2,375000
142.1,337500
193.2,300000
331.7,627000
393.0,1400000
250.8,674725
204.4,325000
112.4,230000
198.8,485000
254.6,315000
127.3,560000
260.1,444000
98.5,325000
73.4,118125
73.4,212000
262.0,428900
171.9,510000
103.1,416000
300.1,950000
135.6,204000
1119.5,7700000
323.3,878000
330.7,1045000
78.0,350000
169.1,659500
151.4,395000
178.4,308950
162.6,410000
255.5,710000
57.6,175000
159.8,508800
167.2,606400
120.8,245100
183.0,540000
161.7,415000
179.3,469500
110.6,195000
394.8,1615000
405.1,1450000
317.7,1200000
395.8,1065000
85.5,555500
96.6,440000
117.1,485000
228.5,693000
77.1,295000
191.4,700000
205.3,767500
509.1,800000
172.8,440000
125.4,600000
259.2,1160000
145.9,506000
188.6,474950
238.8,654000
112.4,710000
142.1,620000
140.3,390000
159.8,550000
203.5,353000
281.5,465000
131.0,279900
156.0,700000
183.9,395000
176.5,375000
159.8,547000
230.4,525000
112.4,285000
143.1,570000
254.6,409000
168.2,260000
252.7,348000
141.2,389000
200.7,445000
129.1,400000
161.7,302000
264.7,798000
133.8,335000
278.7,585000
309.4,2500000
159.8,555000
364.2,3100000
139.4,295000
190.5,265000
109.6,330000
148.6,286000
117.1,305000
119.8,970000
249.0,525000
220.2,355000
214.6,469950
134.7,435000
249.0,363500
95.7,595000
122.6,275000
62.2,295000
248.1,345000
226.7,485000
313.1,1245000
87.3,340500
102.2,280000
234.1,449888
130.1,483000
174.7,445500
260.1,379900
232.3,599950
75.3,215000
159.8,263000
201.6,565000
420.9,950000
133.8,395000
264.8,1535000
243.4,922000
155.7,330000
543.5,1525000
177.4,323000
155.1,554000
190.5,500000
346.5,775000
167.2,340000
207.2,560000
155.1,304000
130.1,279900
196.0,315000
200.7,849000
224.8,325000
308.4,786000
299.1,384000
124.5,907000
231.3,700000
152.4,269500
131.9,269000
310.3,749950
146.8,325000
201.6,1150000
127.3,406000
263.8,650000
180.2,295000
163.2,375000
91.0,395000
229.5,609000
149.6,510000
147.7,190000
72.5,250000
66.9,295000
151.4,740000
147.7,323000
214.6,713000
215.5,1070000
154.2,460000
192.3,880000
232.3,585000
87.3,249950
184.9,450000
243.4,450000
346.5,1775000
148.6,350000
194.6,292500
393.0,879000
297.3,1184000
190.5,584999
187.7,366000
303.8,987500
122.6,300000
118.0,299000
183.9,560000
243.4,695000
162.6,360000
96.6,183500
176.5,311000
154.2,263000
142.1,269000
397.6,1600000
266.6,564000
236.0,425000
195.1,679000
161.7,410000
226.8,340000
168.2,360000
191.4,450000
293.6,552000
272.2,294000
121.7,663500
445.9,1975000
134.7,175409
176.5,459000
97.5,339950
149.6,393000
66.9,275500
94.8,485000
116.1,250000
297.3,935100
92.0,245000
264.8,670000
393.9,1393000
260.1,440000
214.6,1248000
138.4,203000
170.9,583000
161.7,575000
304.7,2575000
376.3,1600000
200.7,312500
252.7,455000
339.1,1310000
162.6,605000
227.6,325000
180.2,630000
304.7,928950
230.4,489950
197.0,550000
158.9,237000
157.0,390000
203.5,665000
182.1,277000
140.3,545000
138.4,615000
205.3,343000
217.4,597000
87.3,600000
136.6,479000
153.3,292000
130.1,265000
251.8,623000
199.7,486000
176.5,520500
406.9,1300000
212.7,825000
157.0,259900
287.1,1170000
104.1,245000
249.0,830200
223.0,650000
149.6,305000
322.4,599000
192.3,272000
224.8,415000
221.1,319000
197.0,425000
203.5,297500
254.6,725000
170.0,325000
127.3,460000
92.9,396480
190.5,1025000
162.6,370000
150.5,260656
158.9,431000
98.5,320000
201.6,296500
286.1,679000
122.6,359000
178.4,330000
226.7,350000
152.4,242000
224.8,692500
110.6,441000
270.3,765000
93.8,375000
193.2,365000
184.9,580000
364.2,1605000
286.1,841000
248.1,515000
401.3,565000
111.5,365000
152.4,295000
80.8,406500
223.9,614905
245.3,1398000
92.0,250000
139.4,549000
166.3,397000
138.4,184000
367.9,2500000
150.5,499100
210.9,676101
106.8,290000
202.5,390000
84.5,465000
257.3,470000
87.3,435000
223.9,415000
93.8,450000
197.0,645000
142.1,231000
168.2,358000
96.6,330000
107.8,229950
132.9,403250
211.8,470000
111.5,239000
230.4,579000
118.0,380500
253.6,614285
124.5,376000
115.2,290000
223.0,487000
113.3,935000
200.9,255000
172.8,380000
75.3,450000
181.2,622000
129.1,292500
197.0,1320000
140.3,410000
93.8,160000
170.9,809000
153.3,183750
265.7,411000
246.2,1050000
102.2,625000
152.9,305000
487.7,915000
129.1,317000
72.5,165000
138.4,575000
90.1,219900
346.5,1485000
101.3,300000
180.2,520000
165.4,310000
110.6,322500
185.8,320000
129.1,440000
139.4,578000
99.4,382000
159.8,535000
341.9,679000
130.1,258900
160.7,563000
259.7,562000
185.8,725000
170.0,236775
314.0,860000
139.4,270000
181.2,621000
231.3,527900
165.4,395000
103.1,320000
232.3,300000
137.5,320000
238.8,625000
75.3,505000
250.8,300000
202.5,363000
402.3,1700000
391.1,1146800
267.6,680000
242.5,678940
186.7,299000
139.4,379900
119.8,205000
122.6,387500
119.8,256000
226.7,548000
119.8,163000
95.7,367500
152.4,390000
107.8,415000
207.2,449000
177.4,460000
183.9,395000
136.6,300000
141.2,345000
179.3,825000
123.6,539950
146.8,410000
127.3,245000
279.6,482000
129.1,270000
123.6,475000
122.6,445800
225.8,518000
117.1,785000
157.0,430000
317.7,715000
259.2,560000
118.0,449000
270.3,805000
144.9,296000
71.5,275000
164.4,419950
102.2,285000
268.5,775000
196.0,288250
113.3,257000
88.3,377000
131.9,550000
102.2,339000
198.8,481500
120.8,224500
166.3,260000
136.6,865000
232.3,730000
91.0,550000
197.9,645000
126.3,250000
151.4,507200
232.3,380000
210.0,540000
213.7,738500
98.5,206000
87.3,265000
72.5,190000
111.5,339900
240.6,250000
102.2,416500
268.5,575000
114.3,385000
95.7,253000
105.9,460000
297.3,1445000
88.3,492000
182.1,275000
279.6,542500
100.3,345000
253.6,575000
238.8,275000
306.6,510000
404.1,2538000
354.9,830000
210.0,640000
360.5,702000
186.7,960000
88.3,190000
160.7,500000
285.2,529000
139.4,435000
200.7,670000
182.1,365000
367.0,1270000
102.2,465000
130.1,285000
94.8,219950
148.6,220000
393.0,1465000
287.1,1112750
215.5,694000
226.7,620000
187.7,415000
303.8,765000
210.0,864000
187.7,385000
92.9,725000
188.6,545000
160.7,299900
186.7,639500
143.1,345000
495.2,1125000
89.2,345000
135.6,600000
200.7,355000
245.3,698000
201.6,566000
142.1,449950
145.9,404600
138.4,258000
182.1,415000
203.5,320000
157.0,295000
216.5,389000
136.6,299900
236.9,394000
197.9,762000
339.1,697000
310.3,485000
74.3,189900
322.4,2150000
95.7,345000
151.4,376500
186.7,775000
126.3,450000
189.5,760000
262.9,569000
189.5,500000
124.5,592500
197.9,620000
364.2,1000000
224.4,815000
348.4,775000
93.8,340000
92.0,458000
111.5,250000
98.5,151600
297.3,515000
168.2,216000
155.1,245000
171.9,645000
102.2,249900
154.2,410000
223.0,499000
269.4,790000
198.8,458000
248.1,925000
101.3,152000
183.0,402000
116.1,340000
375.3,1250000
299.1,775000
121.7,299800
191.4,340000
162.6,626000
106.8,324950
190.5,535500
300.1,817500
387.4,810000
180.2,565000
222.0,978000
133.8,530000
207.2,305000
112.4,345000
69.7,258000
164.4,275000
94.8,310000
190.5,713250
185.8,500000
202.5,472000
85.5,250000
319.6,725000
149.6,345000
173.7,460000
103.1,440150
204.4,390000
73.4,375000
151.4,224950
195.1,480000
249.9,721000
55.7,174000
75.3,170000
154.2,658000
174.7,860000
214.6,407450
246.2,615000
290.8,920000
79.9,195000
92.0,269950
374.4,855000
165.4,620000
137.5,276000
105.9,329000
114.3,270000
286.1,440000
184.9,639000
65.0,403500
157.9,585000
79.9,216000
293.6,1150000
232.3,575000
278.7,430000
155.1,660000
64.1,338000
115.2,400000
83.6,210000
204.4,305000
89.2,365000
197.9,325000
187.7,245000
98.5,182000
114.3,440000
233.2,225000
233.2,358000
252.7,580000
99.4,240000
332.6,700000
207.2,325000
232.3,488000
155.1,875000
199.7,615000
187.7,321000
207.2,1035000
68.7,299500
187.7,459000
160.7,435000
127.3,222000
112.4,485000
200.7,750000
144.0,266000
108.7,455000
187.7,490000
161.7,280000
288.0,1450000
147.7,291000
223.0,745000
212.7,685900
149.6,160000
208.1,650000
79.0,250000
85.5,265000
240.6,599000
124.5,199950
224.8,712500
131.9,490000
126.3,511500
140.3,299000
246.2,685000
197.0,597000
111.5,210000
296.4,659000
97.5,540000
120.8,469000
368.8,1065000
277.8,575000
226.7,725000
108.7,299950
210.9,375000
118.9,342450
181.2,315000
179.3,328000
183.0,323000
169.1,320000
88.3,550000
372.5,1646000
423.6,1212500
423.6,1200000
106.8,120000
106.8,175000
84.5,169900
268.5,508000
99.4,335000
190.5,613200
96.6,420000
308.4,1000000
68.7,342000
314.0,850000
112.4,582000
230.4,475000
186.7,570000
300.1,826600
108.7,387000
116.1,330000
192.3,653450
97.5,285000
130.1,217000
104.1,615000
292.6,580135
421.8,1150000
130.1,231200
232.3,680000
129.1,267500
293.6,942000
121.7,435000
161.7,315000
138.4,354901
120.8,439888
135.6,360000
95.7,205000
183.0,299995
73.4,150000
353.0,575000
201.4,625000
384.6,950000
226.7,278800
159.8,713500
280.6,1900000
242.5,439000
139.4,425000
241.5,252500
127.3,185000
223.0,406550
99.2,243000
206.2,500000
81.8,204750
121.7,222000
125.4,200000
130.1,367000
108.7,183000
94.8,300000
120.8,369000
186.7,380000
147.7,463000
136.6,475000
146.8,225000
183.0,371000
216.5,625000
659.6,3200000
114.3,329000
238.8,634000
319.6,616000
309.4,1824100
165.4,435000
196.0,320000
257.3,820000
147.7,310000
135.6,443750
192.3,795000
224.8,475000
185.8,585000
93.8,315000
283.4,635000
107.8,305000
202.5,785000
144.9,525000
146.8,537000
154.2,279950
218.3,659000
133.8,203000
272.2,782500
147.7,250000
130.1,279000
296.4,664000
425.5,2900000
170.0,378500
252.7,535000
126.3,520000
141.2,369950
212.7,545000
199.7,360000
108.7,760000
170.0,450000
253.6,612500
101.3,280000
237.8,750000
107.8,237000
93.8,441500
153.3,251000
197.0,200000
89.2,332000
140.2,401500
210.9,585000
181.5,340000
260.1,920000
118.0,153000
168.2,299950
223.9,440000
157.0,293000
110.6,203000
118.9,193000
135.6,305000
148.6,495000
164.4,420000
260.1,569500
249.0,620000
156.1,466000
104.1,355500
96.6,687500
166.3,432100
223.9,500000
313.1,690000
74.3,350000
128.2,268000
92.0,120000
167.2,285000
169.1,365000
243.4,635000
212.7,630000
204.4,450000
273.1,590000
157.9,895000
79.9,160000
84.5,520000
262.0,432000
86.4,141800
203.5,980000
318.7,1290000
237.8,740000
71.5,230000
485.9,3400000
226.7,954500
153.3,622000
72.5,90000
117.1,342000
215.5,305000
144.9,259900
216.5,420000
130.1,250000
134.7,249950
105.9,199000
104.1,355200
183.0,425000
103.1,379500
285.2,860000
180.2,335000
283.4,865000
115.2,390000
314.0,569950
296.4,495500
155.1,476500
154.2,261000
192.3,375000
192.3,550000
132.9,230000
210.9,526750
183.9,606000
232.3,368500
114.3,275000
129.1,342000
197.0,278100
143.1,450000
185.8,349950
223.0,425000
196.0,435000
236.9,460000
133.8,323000
75.3,325000
108.7,480000
333.5,1325000
194.2,210000
354.9,920000
135.6,399000
219.3,631750
102.2,184000
195.1,333000
121.7,218000
69.7,258305
159.8,775000
313.1,515000
111.5,455000
170.0,440000
359.5,1440000
206.2,850000
271.3,480000
236.0,420000
183.0,408000
201.6,278000
218.3,1195000
244.3,454000
382.8,1851000
226.7,499000
323.3,590000
176.5,385000
293.6,1250000
123.6,202200
131.9,450000
238.8,435000
118.0,550000
229.5,361000
240.6,760000
281.5,902000
115.2,505000
96.6,200000
215.5,260000
110.6,417000
188.6,287500
129.1,450000
190.5,825000
283.4,1475000
115.2,319950
281.5,682000
179.3,560000
138.4,350000
140.3,270000
122.6,284000
216.5,308000
208.1,450000
190.5,540000
156.1,380000
204.4,522500
62.2,118000
160.7,280400
251.8,710000
316.8,720000
123.6,787000
184.9,537000
176.5,650000
121.7,154200
157.0,238000
96.6,285650
124.5,485500
104.1,315000
895.6,4668000
214.6,627000
203.5,525000
113.3,526000
111.5,480000
356.7,970000
228.5,640000
151.4,279000
90.1,303000
165.4,315000
163.5,336500
71.5,163250
163.5,444950
92.0,285000
116.1,370000
133.8,330000
182.1,395000
233.2,440000
271.3,625000
160.7,435000
145.9,299950
90.1,560000
260.1,380000
146.8,333000
113.3,499000
144.0,386000
113.3,320600
153.4,285000
292.6,450000
74.3,175000
296.4,544800
159.8,220000
102.2,374000
93.8,200000
93.8,259950
163.5,255000
130.1,447000
169.1,287000
136.6,344950
71.5,212000
124.5,425000
44.6,170000
117.1,565000
80.8,234000
372.5,1511250
217.4,345000
164.4,415000
247.1,760000
334.5,484000
114.3,360000
303.8,875000
288.0,930000
176.5,250000
162.6,394000
314.0,865000
194.2,477500
382.8,1250000
117.1,270000
167.2,567000
182.1,635000
414.3,1865000
123.6,183000
169.1,309933
312.2,945800
265.7,503000
135.6,220000
176.5,335000
166.3,650000
288.0,511000
83.6,275000
142.1,576250
192.3,1452000
124.5,186000
113.3,655100
220.2,328000
175.6,441000
137.5,370000
97.5,630000
192.3,470500
108.7,285950
101.3,698000
153.3,268000
409.7,1625000
165.4,355000
144.0,299000
212.7,1003000
206.2,275000
106.8,475000
185.8,260000
118.0,416000
168.2,495000
134.7,357500
108.7,459500
160.7,258000
249.0,600000
117.1,665000
94.8,165000
183.0,297000
77.1,350000
467.3,2450000
74.3,180000
123.6,339950
95.7,365000
525.8,955000
216.5,732000
143.1,500000
189.5,610000
143.1,525000
178.4,170000
173.7,300000
275.0,389500
157.0,330000
149.6,269950
62.2,107000
162.8,249000
143.1,442500
293.6,579000
238.8,621500
127.3,203000
79.9,222900
156.1,453000
86.4,190000
169.1,320000
197.0,733500
309.4,555000
234.1,364950
144.9,490000
209.0,688000
59.5,165000
360.5,506000
312.2,2193000
218.3,754000
217.4,949950
132.9,443600
178.4,380600
402.3,722800
73.4,342888
218.3,555000
125.4,613000
136.6,480000
156.1,619500
175.6,437000
188.6,621000
163.5,810000
181.2,415000
133.8,250000
207.2,585000
109.6,220000
232.3,580000
249.0,1320000
189.5,675000
247.1,695000
239.7,915000
92.9,375000
123.6,500000
131.9,335000
118.9,170000
204.4,320900
167.2,508000
111.5,228950
170.9,433000
89.2,267500
268.5,910000
119.8,370000
105.9,320000
162.6,660000
239.7,787888
246.2,329000
136.6,602000
152.4,375000
57.6,212000
133.8,224000
107.8,315500
99.4,350000
330.7,389000
159.8,285000
142.1,425000
118.0,190000
140.3,374000
81.8,292000
187.7,475000
131.0,546500
79.9,82000
79.9,219900
112.4,440000
194.2,400000
132.9,453000
197.0,330000
236.0,359950
231.3,616000
62.2,245000
122.6,296000
88.3,193000
173.7,456000
170.9,480000
131.0,382000
97.5,650000
130.1,431750
151.4,419900
176.5,315000
175.6,597500
276.9,615000
268.0,605000
183.9,220000
280.6,340000
276.9,620000
305.7,602000
146.8,575000
194.2,285000
102.2,306500
173.7,325000
222.0,623000
122.6,256500
318.7,473000
209.0,549000
158.9,305000
200.7,317000
130.1,450000
144.9,225000
213.7,500000
76.2,207000
151.4,474900
186.7,515000
143.1,542000
224.8,725000
157.0,314950
131.0,375000
152.4,500000
204.4,689000
119.8,525000
98.5,360000
115.2,425000
118.9,239950
216.5,577500
219.3,615000
205.3,516000
341.0,1218000
286.1,1655000
71.5,315000
241.5,250000
113.3,250000
270.3,925000
106.8,358000
157.9,262000
113.3,500000
155.1,1300000
224.8,500000
242.5,675000
89.2,235000
89.2,545000
93.8,350000
144.0,320000
470.7,452000
218.3,875000
121.7,325000
200.7,756000
233.2,319000
82.7,455000
104.9,330000
183.9,510000
219.3,532000
230.4,775000
200.7,410000
161.7,205000
225.8,585000
181.2,255000
84.5,415000
219.3,459000
105.0,354000
199.7,587000
489.6,782000
120.8,570000
97.5,414500
128.2,185000
149.6,262500
292.6,370000
141.2,362500
184.9,536000
232.3,425000
175.6,435000
170.9,435000
113.3,400000
127.3,446000
251.8,1250000
163.5,300000
74.3,404500
327.9,910000
165.4,771000
242.5,335000
171.9,390000
144.9,288000
118.0,403000
131.9,510000
267.6,751000
131.9,408000
152.4,1014250
160.7,575000
116.1,330000
141.2,565000
169.1,456000
250.8,652500
169.1,582000
257.3,700000
118.0,235000
130.1,460000
169.1,475000
173.7,579000
126.3,507000
96.6,210000
198.8,359500
123.6,248000
99.4,239300
127.3,315000
326.1,970000
160.7,510000
144.0,418000
304.7,699000
199.7,871000
146.8,515000
135.6,400000
131.0,445000
287.1,1110000
157.0,212000
266.6,710000
102.2,225800
214.6,520000
324.2,1295000
193.2,248000
207.2,556000
158.9,319950
152.4,320000
148.6,245000
264.8,700000
241.5,628000
128.2,640000
122.6,420000
131.9,349950
224.8,307999
241.5,749950
78.0,290000
131.9,235000
166.3,225000
166.3,302100
124.5,520000
93.8,285000
152.4,525000
276.9,374900
127.3,377500
203.5,587450
142.1,245000
119.8,200000
478.5,2140000
229.5,607000
168.2,1247000
207.2,549950
213.7,250000
188.6,525000
185.8,440000
335.4,425000
305.7,739900
120.8,315000
174.7,340000
201.6,366000
156.1,315000
110.6,299000
87.3,350000
93.8,340000
119.8,460000
137.5,224000
83.6,140000
130.1,246000
189.5,330000
134.7,306000
112.4,324950
167.2,345000
138.4,207000
115.2,238000
244.5,695000
199.7,649950
158.9,515000
142.1,452000
151.4,236000
379.0,1285000
217.4,563000
92.9,410988
212.7,339950
295.4,1200000
201.6,340000
280.6,808100
123.6,236000
159.8,330000
236.0,799990
168.2,240000
131.0,343000
142.1,332000
406.9,945000
105.9,239950
196.0,674000
97.5,200000
148.6,453000
132.9,330000
185.4,285000
142.1,338000
92.9,264950
235.0,880000
90.1,209500
223.0,380000
170.0,336500
197.9,360000
309.4,911100
52.0,249900
112.4,175000
221.1,549950
127.3,225000
127.3,270000
161.7,400000
73.4,299800
230.4,555000
178.4,230000
255.5,360000
81.8,415000
200.7,355000
238.8,635000
197.9,353000
292.6,999000
165.4,265000
177.4,250000
108.7,225000
83.6,553000
246.2,565000
108.7,312000
244.3,475000
199.7,320000
132.9,453000
89.2,320000
245.3,610000
138.4,385000
112.4,215000
172.8,215000
183.9,415000
83.6,350000
83.6,395000
138.4,898000
276.9,480000
247.1,1240000
259.2,599000
260.1,770000
147.7,1208000
301.0,1590000
197.9,880000
140.3,332000
162.6,445000
372.5,849000
153.3,752000
376.3,450000
122.6,420000
214.6,330000
133.8,409000
216.5,350000
225.8,570000
129.1,315000
106.8,224000
197.0,293550
213.7,350000
308.4,1108000
223.0,442500
332.6,616500
195.1,506400
144.0,324000
145.9,169000
137.5,595000
252.7,299900
210.9,332000
223.9,432000
253.6,510000
143.1,270000
289.9,750000
137.5,509250
79.9,189000
202.5,726500
120.8,287000
317.7,679000
197.9,316000
213.7,498000
237.8,448000
96.6,535000
286.1,560000
248.1,437850
303.8,435000
242.5,510000
228.5,520000
179.3,509000
113.3,575000
188.6,365000
224.8,795000
173.7,285000
280.6,955000
267.6,775000
168.2,400000
240.6,570000
355.8,955990
301.9,1150000
256.4,459950
113.3,245000
118.9,281000
71.5,205000
141.2,290000
193.2,635000
53.0,310000
139.4,470000
233.2,600000
183.9,279000
232.3,538500
252.7,594950
84.5,533050
137.5,510000
229.5,360000
153.3,435000
157.9,559000
185.3,645000
118.9,340000
276.9,565000
160.7,575700
224.8,1010000
260.1,540500
130.1,265000
192.3,699950
69.7,355000
135.6,381000
198.8,564000
68.7,114975
38.1,325000
145.9,299990
265.7,751000
130.1,425000
250.8,665000
414.3,833450
248.1,575000
141.2,190000
141.2,314950
154.2,601150
79.9,315000
217.4,545000
196.0,565000
93.8,175000
216.5,530000
597.4,4489000
149.6,430000
135.6,225000
269.4,312000
117.1,380000
112.4,222200
317.7,1438890
197.0,329950
228.5,995000
352.1,929950
218.3,692000
57.6,402000
178.4,510000
97.5,249000
126.3,244900
109.6,289900
144.9,552500
306.6,760000
102.2,440000
164.4,286000
111.5,260000
123.6,355000
145.9,318000
149.6,255000
102.2,139000
168.2,485000
272.2,549950
165.4,588000
283.4,975000
143.1,402000
128.2,245000
175.6,445000
145.9,195000
236.0,385000
141.2,450000
258.3,1090000
160.7,396675
217.4,242000
120.8,380000
131.9,496000
136.6,399950
264.8,895000
219.3,690000
149.6,270000
224.8,349900
136.6,454280
131.0,390000
170.9,275000
227.6,300000
139.4,700000
193.2,520000
257.3,715000
220.2,404000
278.7,490500
411.6,1485000
144.0,557800
212.7,571000
237.8,410000
115.2,225000
240.6,700000
127.3,500000
126.3,536500
191.4,330000
104.1,249950
151.4,249000
147.7,249000
230.4,780000
250.8,1200000
179.3,434500
231.3,590000
92.9,417200
197.9,649990
98.5,506000
160.7,348000
261.1,301000
81.8,427550
96.6,361000
170.0,460000
167.2,958000
228.5,445000
155.1,373000
247.1,525000
264.8,364988
76.2,324000
218.3,625000
137.5,237500
272.2,429300
116.1,155000
256.4,614000
221.1,650000
160.7,625000
155.1,587100
199.7,380000
86.4,479500
57.6,382888
182.1,540000
236.9,691000
184.9,760500
329.8,685000
79.9,199129
188.7,335000
147.7,305100
279.6,830000
242.5,810000
133.8,500000
178.4,490000
155.1,490000
129.1,272000
198.8,280000
116.1,233000
100.3,275000
256.4,375000
202.5,445000
117.1,437500
149.6,426250
227.6,358000
385.5,1175000
89.2,305000
124.5,415000
278.7,520000
286.1,733000
105.0,411500
211.8,540000
181.3,270500
118.9,422250
342.8,655000
428.3,1200000
271.3,550000
114.3,460000
146.8,159075
113.3,470000
94.8,235000
140.3,309950
170.0,433000
255.5,895000
172.8,291000
252.7,835000
126.3,640000
217.4,438000
241.5,540000
194.2,325000
210.0,380000
129.1,510000
213.7,380000
261.1,825000
377.2,880000
259.2,1800000
119.8,790000
66.9,287000
197.9,509000
162.6,270000
89.2,210000
145.9,415000
285.2,550000
271.3,1250000
173.7,499950
143.1,659000
133.8,265000
261.1,492000
227.6,715000
123.6,175000
290.8,975000
67.8,306950
230.4,630000
118.0,367500
207.2,699950
267.6,1000000
226.1,285000
104.1,215000
379.0,1050000
345.6,1370000
132.9,235000
144.9,604000
157.9,750000
233.2,800000
241.5,580000
73.4,350000
158.9,353750
247.1,1100000
136.6,465000
218.3,568000
226.7,1005000
106.8,213500
140.3,250000
80.8,357000
118.9,425000
241.5,571000
188.6,588000
179.3,275000
298.2,565000
183.0,460000
377.2,603500
308.1,490600
135.6,1010000
195.1,500000
170.0,249000
142.1,235000
138.4,410000
79.9,370000
197.9,360000
332.6,1406890
224.8,298000
176.5,485000
123.6,400000
199.7,580000
127.3,355000
225.8,650000
152.4,261490
93.8,347000
139.4,485000
161.7,601000
194.2,380000
171.9,565000
259.2,750000
137.5,291000
211.8,560000
295.4,725000
218.3,539000
363.3,470000
71.5,264950
165.4,200000
213.7,453500
233.2,811000
131.0,425000
394.8,1530000
237.8,562000
163.5,281000
195.1,270000
138.4,205950
80.8,310000
117.1,350000
244.3,843500
181.2,370000
204.4,279000
148.6,408000
114.3,392000
95.7,455000
96.6,310000
208.1,323500
148.6,364500
203.5,280000
176.4,289900
173.7,585000
160.7,269000
172.8,280000
180.2,287000
62.2,183000
169.1,309000
354.0,920000
191.4,815241
141.2,405000
320.5,525000
77.1,150000
174.7,240000
204.4,698000
167.2,440000
111.5,204000
206.2,875000
128.2,650000
154.2,392500
215.5,400000
260.1,653000
112.4,452000
216.6,345000
169.1,350000
265.7,650000
255.5,525000
255.5,840000
211.8,1325000
149.6,259950
349.3,998000
273.1,1070000
414.3,1910000
103.1,190500
237.8,465000
98.5,370000
261.1,290000
128.2,350000
128.2,740000
237.8,460000
93.8,290000
166.3,475000
148.6,214000
84.5,455000
232.0,275000
167.2,305000
238.8,449000
122.6,366000
155.1,348000
260.1,515000
312.2,950000
240.6,815000
142.1,199950
123.6,386000
200.7,273000
170.0,284000
136.6,399950
106.8,285000
166.3,315000
157.9,250000
151.4,290000
317.7,725000
153.3,410000
261.1,855000
251.8,399900
308.4,852600
66.9,235000
86.4,230950
138.4,230000
157.0,404763
159.8,245000
105.9,188000
211.8,626100
102.2,428750
167.2,522000
232.3,684000
274.1,1065500
180.2,611206
118.9,350000
353.0,894000
86.4,420000
179.3,400000
276.9,675000
260.1,426000
296.4,750000
158.9,368000
183.9,342000
177.4,700000
293.6,848750
147.7,720000
175.6,525000
232.3,397900
161.7,405000
100.3,392800
160.7,394999
230.4,340000
134.7,482500
255.5,812500
262.0,450000
170.0,398000
144.0,1075000
152.4,540000
159.8,275000
267.6,780000
113.3,225000
144.9,503045
101.3,249000
105.9,569950
96.6,450000
239.7,1099500
214.6,700000
147.7,454000
118.0,555000
115.2,214000
205.3,590000
217.4,459900
131.9,205000
132.9,390000
229.5,970500
222.0,790000
104.1,320000
250.8,552500
324.2,1050000
152.4,230000
150.5,680000
155.1,985000
173.7,375000
120.8,431000
203.5,463000
122.6,350000
116.1,485000
189.5,355000
198.8,603500
233.2,860000
204.4,259875
201.6,685000
276.9,382500
109.6,490000
143.1,229000
143.1,430000
288.9,580000
127.3,510000
226.7,489990
163.5,440000
261.1,479950
232.3,806000
299.1,875000
267.6,710800
250.8,565000
249.0,359999
165.4,625000
208.1,349950
149.6,415000
133.8,435000
144.0,225000
159.8,770000
161.7,340000
304.7,965000
205.9,667000
102.2,250000
109.6,397990
187.7,535000
106.8,265950
194.2,258000
120.8,505500
208.1,455000
328.9,1348000
263.8,600000
193.2,329800
144.0,222000
176.5,450000
256.4,952000
131.0,625000
115.2,226800
410.6,1205000
314.9,350000
130.1,395000
196.0,285000
121.7,553000
118.0,254000
191.4,348140
235.0,354950
176.5,706000
270.3,499000
176.5,427500
267.6,439000
262.0,545000
150.5,842000
308.4,685000
350.2,665000
111.5,255000
197.9,565000
181.2,274000
178.4,260000
233.2,581000
184.9,625000
114.3,220000
296.4,765000
531.4,1325000
211.8,700000
144.0,351000
157.0,413565
153.4,363000
210.0,679000
140.3,473000
138.4,585888
206.2,405000
260.1,650000
205.3,415000
199.7,575000
130.1,220000
227.6,610000
91.0,499950
260.1,883000
115.2,436000
149.6,320000
140.3,425000
155.1,204700
215.5,384000
176.5,314000
222.0,535000
196.0,568000
136.6,426000
248.1,675000
236.0,380000
320.5,685000
157.9,429000
168.2,799000
144.0,318500
381.8,925000
193.2,420000
102.2,570000
367.0,1052500
116.1,333000
243.4,1360000
212.7,660000
325.2,350000
325.2,682500
157.0,399990
418.1,860000
104.1,216180
161.7,300000
93.8,145000
93.8,255000
111.5,250000
94.8,245000
171.9,445000
170.0,562000
192.3,501000
107.8,190000
304.7,862500
217.4,1085000
342.8,575000
66.9,250000
247.1,310000
399.5,1400000
147.7,284850
240.6,570000
159.8,304000
166.3,560000
147.7,325000
146.8,557510
239.7,305000
161.7,320000
322.4,455000
109.6,383001
157.9,545000
110.6,487500
227.6,345000
244.3,583000
197.9,534950
98.5,403504
137.5,500000
149.6,319502
226.7,525000
288.0,563000
268.5,898500
301.0,651000
269.4,450000
246.2,665000
237.8,825000
106.8,200000
163.5,295000
299.1,748000
297.3,580000
116.1,275000
92.9,196000
68.7,235750
201.6,315000
220.2,338000
213.7,353000
130.1,235000
286.1,569999
218.3,505000
247.1,1234000
116.1,299000
102.2,240000
309.4,1955000
338.2,1265000
125.4,405000
121.7,304000
167.2,272000
117.1,412000
277.8,698000
105.9,400000
195.1,305000
223.0,585000
130.1,190000
277.8,760000
179.3,570000
91.0,144000
64.1,139000
132.9,525000
103.1,293000
116.1,267100
322.4,1500000
139.4,240000
235.0,975000
199.7,279950
117.1,405000
254.6,400000
89.2,225000
141.2,250000
145.9,272950
301.0,625000
118.9,670000
197.9,1065000
183.0,540000
277.8,525000
107.8,425000
175.6,465500
201.6,443500
145.9,350000
302.9,850000
116.1,205000
180.2,315000
199.7,470000
307.5,1100000
315.9,340000
247.1,310000
88.3,305000
137.5,307150
263.8,729032
301.0,750000
182.2,289000
102.2,480000
139.4,529000
137.5,585000
233.2,704000
138.4,607000
203.5,580000
235.0,875000
226.7,610000
96.6,230000
227.6,510000
205.3,733000
97.5,169100
97.5,250000
253.6,500000
150.5,700000
223.9,379000
317.7,650000
85.5,412133
216.5,480000
180.2,650000
176.5,505000
326.1,931088
172.8,570000
128.2,475000
205.3,240000
245.3,462000
420.9,1115000
139.4,243000
186.7,660000
193.2,1190000
518.8,1680000
918.8,6885000
193.2,368000
368.8,811500
71.5,275000
232.3,650000
223.9,485000
124.5,425000
245.3,530000
254.6,657000
146.8,315000
202.5,273000
182.1,550000
144.9,347000
226.7,525000
92.0,490000
205.3,500000
286.1,585000
269.4,926500
94.8,465000
176.5,200000
536.1,1680000
92.0,220500
92.0,329000
193.2,715000
193.2,780000
137.5,410000
137.5,778100
101.3,406000
260.1,665000
92.9,305000
152.4,265000
150.5,485000
228.5,600000
172.8,510000
100.3,195000
183.9,432500
140.3,490000
157.0,270000
93.8,370000
194.2,327500
98.5,826000
162.6,510000
82.7,587750
280.6,449228
188.6,565000
294.5,660000
229.5,400000
191.4,612500
197.0,560000
202.5,727000
213.7,224000
390.2,1080000
137.5,439000
208.1,335000
254.6,779000
170.0,452000
185.8,775000
128.2,235000
150.5,370000
295.4,790000
105.9,903000
90.1,209950
165.4,309000
208.1,440000
261.1,571500
85.5,514000
170.0,323000
144.9,290000
514.7,2575000
214.6,1362500
136.6,551000
318.7,960000
269.4,720000
171.9,218000
203.5,334950
233.2,605000
297.3,825000
155.1,268500
93.8,230000
469.2,1335000
132.9,245500
174.7,440000
202.5,571500
170.0,182500
90.1,217000
108.7,335000
93.8,501000
198.8,339950
207.2,340000
105.9,582500
79.9,298800
236.0,317500
224.8,598000
152.4,375000
236.9,465000
232.9,551870
178.4,295000
205.3,263500
327.9,1095000
102.2,300000
314.9,780000
147.7,325000
76.2,370000
220.2,715000
148.6,356000
161.7,329950
136.6,490000
131.0,429000
150.5,510000
219.3,550000
170.0,467500
197.9,615000
92.0,325000
93.8,219950
159.8,950000
151.4,925000
121.7,251200
149.6,215000
171.9,245000
118.0,259000
131.9,349950
485.0,1565000
131.0,600000
108.7,405000
172.8,625000
150.5,430000
118.9,533000
255.5,1050000
131.9,230000
185.8,275000
102.2,403000
159.8,550388
115.2,415500
201.6,913000
167.2,334998
107.8,201500
281.5,820000
82.7,371000
199.7,229950
199.7,344900
191.4,840000
128.2,285000
167.2,475000
135.6,420000
205.3,685000
333.5,879000
105.9,197200
115.2,529950
403.2,1090000
145.9,792000
156.1,262000
144.9,353900
111.5,380000
157.0,305000
214.6,440000
246.2,1008000
335.4,549900
243.4,678500
163.5,270000
87.3,430000
448.7,1925000
311.2,790500
145.9,447450
208.1,375000
181.2,565000
93.8,400000
151.4,246000
131.9,329922
367.0,1249000
112.4,375000
175.6,385000
157.0,591500
237.8,255000
125.4,275000
289.9,800000
105.9,327000
207.2,355000
97.5,310000
388.3,869000
111.5,272000
308.4,665000
147.7,225000
255.5,375000
142.1,375500
145.9,550000
136.6,248000
136.6,546940
292.6,680000
221.1,350000
185.8,593000
105.9,390000
124.5,297000
134.7,355000
187.7,309900
168.2,257000
334.5,1698000
117.1,300000
144.9,500000
373.5,900000
292.6,695000
156.1,213400
122.6,425000
250.8,420000
100.3,411000
290.8,762500
450.6,569950
113.3,258000
165.4,499000
116.1,310000
165.4,398500
179.3,250600
229.5,352000
109.6,600000
210.9,645000
164.4,291500
209.0,350000
143.1,279000
76.2,320000
146.8,495000
225.8,490000
200.7,770000
164.4,215000
332.6,665000
175.6,423500
177.4,850000
84.5,155000
135.6,505000
307.5,780000
151.4,165000
197.9,707000
113.3,497000
155.1,349170
120.8,287000
299.1,2375000
225.8,645000
208.1,238000
208.1,328000
73.4,365000
128.2,380000
156.1,525000
185.8,402000
156.1,308000
182.1,405000
240.6,808000
352.1,875000
220.2,860000
179.3,367500
239.7,604000
82.7,230000
200.7,435000
183.0,347500
145.9,525000
137.5,280000
137.5,490000
132.9,265000
252.7,645000
224.8,390000
130.1,267500
542.9,1275000
170.9,404000
235.0,380000
261.1,812500
94.8,265000
236.9,480000
66.0,264000
513.8,1350000
199.7,550000
81.8,615000
151.4,464000
128.2,365000
260.1,490000
192.3,280927
77.1,282613
257.3,675000
191.4,575550
138.4,259900
197.0,450000
261.1,487500
223.0,275000
228.5,305000
188.6,395000
81.8,215000
122.6,410000
200.7,440000
389.3,1160000
211.8,500000
240.6,961000
257.3,825000
199.3,734000
416.2,490000
165.4,175000
66.9,190000
190.5,305000
189.5,1300000
85.5,417000
63.2,275000
180.2,661000
207.2,435000
270.3,788000
489.6,1795000
262.0,408000
166.3,570000
271.3,1540000
78.0,400000
169.1,247000
144.0,453000
118.0,235000
228.5,675000
196.0,516200
85.5,650000
139.4,257100
133.8,457000
149.6,540000
183.0,268000
106.8,300000
196.0,380000
332.6,725000
92.9,249000
156.1,274000
367.0,1780000
222.0,396500
169.1,460000
102.2,277000
211.8,449500
235.0,785950
180.2,545000
126.3,244000
154.2,165000
74.3,435000
248.1,642000
159.8,340000
329.8,730000
127.3,563250
262.0,675000
150.5,620000
119.8,275000
170.0,270000
189.5,325000
171.9,476100
120.8,700000
150.5,220000
144.9,236000
241.5,790000
186.7,350000
72.5,130000
184.1,283200
139.4,273000
228.5,599000
249.0,460000
544.4,1157200
159.8,385000
131.9,264250
163.5,608000
259.2,450000
219.3,1755000
175.6,339950
354.0,760000
107.8,350000
215.5,541500
304.7,730000
91.0,215000
152.4,420000
191.4,655000
139.4,240000
219.3,730000
180.2,390000
118.9,473000
337.2,698000
169.1,511000
89.2,358000
151.4,499990
180.2,322000
91.0,201000
291.7,765000
267.6,920000
153.3,360000
183.9,297300
79.9,399000
132.9,400000
117.1,230000
89.2,290000
191.4,323800
132.9,574500
155.1,505000
81.8,372500
120.8,425000
221.1,446250
48.3,330000
249.0,608095
198.8,550000
169.1,265000
169.1,399888
97.5,430000
195.1,554990
205.3,359950
79.9,405000
80.8,280000
238.8,479950
276.9,575000
219.3,392000
214.6,760500
213.7,435000
261.1,1565000
189.5,261000
305.7,1482500
275.0,853800
248.1,657500
235.0,331950
159.8,514000
287.1,496000
365.1,1093000
104.1,195700
367.9,1395710
377.2,1175000
218.3,643403
221.1,357000
137.5,865000
272.2,905000
119.8,265000
253.6,535000
119.8,450000
201.6,460500
171.9,315000
196.0,607500
89.2,432000
363.3,1695000
240.6,479000
286.1,475000
151.4,415000
84.5,450000
258.3,1140000
360.5,430000
126.3,296000
237.8,303000
241.5,641000
113.3,280000
144.9,260750
193.2,601000
138.4,255000
187.7,555000
142.1,865000
320.5,1388000
130.1,315000
160.7,200000
127.3,357000
97.5,390000
263.8,462000
93.8,174500
112.4,305000
159.8,449000
251.8,260000
288.9,751000
116.1,370037
176.5,229950
161.7,349000
192.3,348000
281.5,1220000
335.4,510000
141.2,265000
258.3,1250000
515.1,937500
240.6,485000
106.8,489000
85.5,400000
196.0,638000
108.7,440000
176.5,305000
176.5,649950
305.7,680000
247.1,629000
200.7,555000
250.8,669000
183.9,272000
241.5,270000
118.9,215000
158.9,690000
118.0,256000
175.6,255000
319.6,550000
110.6,410000
95.7,410000
115.2,259000
160.7,292000
428.3,1648000
147.7,518000
163.5,485000
123.6,259500
217.4,354000
347.5,999950
106.8,464500
162.6,300000
361.4,1080000
164.4,309950
107.8,315000
133.8,499950
241.5,780000
245.3,885000
93.8,500000
170.9,329000
159.8,246000
118.9,405000
157.9,349000
183.9,374950
107.8,306000
183.9,416000
182.1,560000
118.0,260000
191.4,306500
183.9,299950
134.7,265500
111.5,219000
170.0,365000
194.2,499000
140.3,366000
121.7,514950
352.1,875000
208.1,831000
254.6,689900
154.2,315000
228.5,355000
137.5,336500
245.3,1100000
176.5,375000
265.7,289275
319.6,455000
152.4,505000
134.7,450000
213.7,567500
135.6,265000
145.9,340000
143.1,375000
306.6,920000
197.9,850000
93.8,202000
224.8,725000
359.5,900000
182.1,680200
108.7,216500
175.6,325000
209.0,675000
69.7,435000
149.6,263500
240.6,550000
234.1,875000
124.5,246600
135.6,337000
128.2,240000
140.3,490000
233.2,510000
84.5,305000
183.0,350000
143.1,284200
183.9,357000
292.6,854000
436.6,1175000
213.7,1000000
174.7,616500
245.3,750000
362.3,650000
248.1,275000
170.9,540000
104.1,225000
275.9,845000
131.0,490000
284.3,753000
231.3,475000
78.0,124000
78.0,224000
105.0,485000
171.9,230000
216.5,372000
174.7,306000
276.9,905000
133.8,440000
151.4,280000
165.2,435000
179.3,425000
105.0,204950
153.3,670000
76.2,475000
269.4,352000
216.5,575000
412.5,1730000
154.2,491000
280.6,750000
171.9,830000
553.7,1140000
89.2,137124
106.8,225000
197.9,732600
228.5,818000
219.3,431000
122.6,304000
177.4,650000
149.6,450000
149.6,269000
107.8,875000
266.6,890000
211.8,565000
127.3,448175
136.6,235000
275.9,680000
135.6,629000
145.9,494000
267.6,1100000
176.5,450000
187.7,330000
288.9,960000
222.0,360000
199.7,378000
124.5,499950
184.9,450000
148.6,523500
249.0,600000
193.2,290000
124.5,176000
240.6,885000
115.2,483000
121.7,240000
235.0,720000
165.4,311000
148.6,332500
145.9,164950
145.9,371000
153.3,264500
271.3,1738000
80.8,503000
262.9,738000
91.0,393000
92.0,280000
219.3,260000
92.9,505000
154.2,241000
141.2,530000
109.6,713000
164.4,487000
91.0,128000
170.9,210500
168.2,420000
165.4,679000
263.8,784950
246.2,352000
118.0,386000
117.1,335000
162.6,472500
249.0,599950
355.8,963990
149.6,735000
356.7,858450
248.1,665000
185.8,290000
79.9,250000
131.9,192500
191.4,350000
259.2,518000
131.0,563000
224.8,375000
135.6,400000
228.5,240000
92.9,317500
410.6,1315000
115.2,234000
161.7,645000
118.9,649000
234.1,605000
139.4,337900
231.3,535000
142.1,325000
161.7,429950
329.8,775000
118.9,650000
215.5,1200000
105.9,275000
365.1,575000
220.2,540000
217.4,640000
115.2,275000
254.6,672800
180.2,495000
274.1,820000
183.9,475000
264.8,1275000
107.8,380000
197.9,397500
224.8,352000
262.0,893880
344.7,635000
164.4,420000
117.1,503000
216.5,689000
231.3,749500
380.0,1150000
260.1,563500
226.7,480000
236.0,374950
148.6,308950
249.0,445000
113.3,237200
144.0,453500
193.2,616500
464.5,1250000
58.5,396000
99.4,210000
176.5,539000
275.0,605000
138.4,437500
139.4,215000
223.9,440000
185.8,525000
105.9,319900
104.1,335000
269.4,485000
299.1,359999
232.3,799000
149.6,280000
209.0,1050000
115.2,290000
154.2,235000
193.2,495000
174.7,290000
97.5,230000
137.5,234000
224.8,597400
203.5,370000
247.1,755000
225.8,342000
71.5,497000
284.3,835000
271.3,730000
127.3,655000
173.7,205000
167.2,632750
195.1,330000
235.0,527500
305.7,716500
175.6,388500
156.1,530000
201.6,419000
111.5,385000
277.8,655000
350.2,1695000
94.8,279000
157.9,262000
144.0,533000
156.1,640000
156.1,285000
177.4,458400
293.6,620000
187.7,465000
298.2,690000
218.3,462500
177.4,369950
78.0,124500
243.4,950000
113.3,418000
98.5,160000
204.4,457000
197.0,530000
116.1,385000
133.8,491000
175.6,521000
105.9,255000
263.8,292050
174.7,326000
69.7,300000
151.4,291600
159.8,435000
148.6,465000
114.3,200000
149.6,238000
122.6,455000
202.5,230000
203.5,808000
138.4,578500
135.9,390000
167.2,517500
267.6,755000
116.1,579500
155.1,649950
185.8,228000
211.8,665000
196.0,689000
234.1,560000
147.7,529000
195.1,375000
194.2,325000
314.9,583000
73.4,330000
183.0,262000
266.6,555000
103.1,585000
180.2,425590
66.9,235000
66.0,362362
127.3,252000
249.9,439000
312.2,465000
139.4,249900
241.5,665000
107.8,370000
132.9,620000
173.7,375000
237.8,552625
107.8,315500
156.1,620000
186.7,510000
236.0,652500
301.0,574000
248.1,430000
100.3,390000
132.9,466500
119.8,315000
115.2,220000
170.9,325000
104.1,365000
195.1,356000
188.6,380000
188.6,579000
82.7,682000
162.6,499000
120.8,333760
246.2,745000
162.6,380000
133.8,435000
157.9,520000
364.2,965000
136.6,270000
234.1,1100000
198.8,577500
144.0,650000
295.4,1227500
604.8,1900000
133.8,475000
106.8,200000
215.5,397000
114.3,383610
191.4,275000
258.5,840000
198.8,365000
131.9,362000
194.2,350000
122.6,200000
213.7,299000
283.4,555000
275.0,1326000
234.1,896000
161.7,550000
120.8,324500
108.7,312500
180.8,485000
116.1,511000
114.3,139500
202.5,464000
161.7,255000
355.8,679975
209.0,624800
240.6,920000
194.2,1365000
223.0,510000
210.0,289659
270.3,585000
338.2,555000
350.2,940000
148.6,460000
196.0,319000
159.8,280000
102.2,250000
243.4,749950
287.1,458000
175.6,465000
171.9,580000
288.0,700000
232.8,350000
157.9,456000
144.0,290000
204.4,475000
175.6,285000
105.9,309000
347.5,860000
180.2,219000
197.9,546500
136.6,338000
99.4,505000
156.1,340000
253.6,678000
175.6,800000
100.3,112000
133.8,252000
236.0,335000
213.7,610000
157.0,245000
167.2,493500
164.4,596500
110.6,245000
122.6,333500
119.8,373000
278.7,759900
126.2,317000
113.3,670000
252.7,985000
98.5,310000
280.6,750000
152.4,408000
359.5,900000
265.7,460000
161.7,339000
105.9,660000
305.7,449950
112.4,235000
308.4,769000
125.4,428000
184.9,445000
191.4,462000
135.6,775000
209.0,605000
88.3,193500
291.7,389950
330.7,790000
131.0,442000
257.3,890000
173.2,235000
179.3,495000
359.5,600000
187.7,1400000
120.8,251000
316.8,471000
220.2,597000
257.3,804000
116.1,357000
157.0,419990
282.4,725000
251.8,275000
110.6,445000
213.7,510000
126.3,330000
139.4,270000
149.6,495000
131.9,225000
162.6,716528
140.3,260000
216.5,471000
249.9,690000
157.9,548000
94.8,505000
107.8,325000
227.6,682000
186.7,605000
127.3,276200
127.3,530000
184.9,245000
259.2,654950
72.5,221900
208.1,466000
205.3,383150
129.1,657100
167.2,539000
308.4,400000
182.1,215000
79.0,489000
276.9,649000
183.9,700000
73.4,268500
167.2,515000
210.0,685000
74.3,305000
231.3,950000
149.6,292500
171.9,270000
171.9,450000
178.4,535000
161.7,550000
132.9,457500
131.9,136500
131.9,224097
144.9,254000
188.6,335000
304.7,594950
126.3,350000
109.6,169950
180.2,432500
120.8,440000
153.3,233703
105.9,310000
236.0,735000
319.6,730000
167.2,257000
117.1,485000
220.2,899000
141.2,279000
162.6,225000
249.0,1355000
147.7,355000
144.9,382500
185.8,324360
221.1,315000
207.2,426000
262.0,395000
145.9,212644
171.4,510000
77.1,85000
77.1,235000
188.6,295000
132.9,720001
140.3,313950
140.3,415000
149.6,305000
148.6,625000
131.9,490000
154.2,269950
393.0,2700000
307.5,829000
229.5,635000
96.6,217500
171.9,270000
428.3,1245000
230.4,480000
197.9,575000
218.3,426950
85.5,125000
85.5,208000
165.4,325000
249.9,597157
279.6,728725
295.4,708000
382.8,1300000
118.9,405000
157.0,550000
215.5,451000
287.1,540500
469.2,1025000
152.4,218000
201.6,562000
291.7,401500
101.3,196700
179.3,583000
195.1,309900
288.9,485000
86.4,465000
190.5,595000
107.8,254000
169.1,488500
196.0,260000
80.8,166000
100.3,440000
117.1,375000
83.6,529500
69.7,338000
167.2,335620
206.2,464000
129.1,354000
200.7,601000
170.9,285000
157.0,462500
246.2,350000
104.1,329000
232.3,312500
206.2,370000
117.1,399900
137.5,398000
86.4,550500
258.3,709000
257.3,402000
142.1,450000
198.8,524000
427.4,800000
163.5,185000
163.5,365000
288.9,925000
210.0,714000
135.6,495000
190.5,535000
217.4,880000
114.3,150000
174.7,554500
118.9,520000
340.0,839990
153.3,500000
182.1,305000
146.8,247800
231.3,344200
185.8,459950
144.0,229900
262.0,750000
241.5,509000
204.4,680000
232.3,661500
118.0,370000
269.4,785000
78.0,355000
180.2,446000
324.2,830000
180.2,324000
231.3,500000
129.1,745000
366.0,1197000
163.5,385000
237.8,565000
213.7,465000
164.4,401000
214.6,385000
214.6,395000
185.8,245000
143.1,500000
240.6,334000
91.0,550000
160.7,216000
285.2,340500
195.1,375000
193.2,600000
175.6,375000
185.8,536500
281.5,599900
103.1,750000
153.3,355000
131.0,590000
198.8,680000
172.8,429000
108.7,581000
91.0,463800
687.5,2983000
153.3,443000
137.5,276200
377.2,630000
127.3,570000
230.4,979700
188.6,730000
204.4,268450
164.4,490000
236.9,808000
116.1,350000
222.0,695000
532.3,1228000
104.1,309950
118.0,134000
222.0,645500
163.5,750000
237.8,1399000
169.1,344900
170.9,601450
168.2,575000
229.5,405000
234.1,518000
148.6,265000
118.9,180000
147.7,285000
185.8,433000
165.4,399000
157.9,565000
183.0,406500
180.2,420000
305.7,965000
325.2,1375000
302.9,353950
393.0,847700
147.7,185000
93.8,269000
169.1,422800
80.8,379950
150.5,525000
369.8,810000
151.4,209950
114.3,439950
326.1,554820
200.7,359000
94.8,242500
147.7,330000
319.6,740000
280.6,630000
211.8,750000
259.2,695000
53.9,109000
188.6,389000
79.0,447000
230.4,1200000
93.8,315000
224.8,640000
202.5,570000
170.0,495000
189.5,449500
245.3,1084500
98.5,294950
152.4,170500
110.6,312000
202.5,350000
197.0,690000
205.3,375000
233.2,575000
232.3,646000
144.9,239950
233.2,400000
284.3,455000
121.7,240000
395.8,3400000
232.3,695000
62.2,304950
170.9,650000
137.5,402500
224.8,482000
169.1,655000
180.2,577000
151.4,350000
234.1,415000
197.0,396400
231.3,654300
316.8,774950
221.1,855000
231.3,1145000
115.2,330000
176.5,290000
222.0,519500
168.2,450000
417.1,3120000
150.5,265000
245.3,359000
266.6,2000000
301.9,1050000
74.3,402500
126.3,450000
181.2,262500
183.0,285000
187.7,290000
211.8,752500
328.9,820000
144.9,292000
69.7,213000
208.1,400000
54.8,202000
64.1,484000
146.8,617450
96.6,250000
174.7,405000
99.4,325000
172.8,301350
144.0,425000
172.8,460000
287.1,938000
159.8,348000
117.1,435000
104.1,227950
116.1,425000
168.2,550000
175.6,347500
187.7,397000
166.3,410000
296.4,780000
281.5,1350000
151.4,476000
109.6,390000
144.9,226500
124.5,495000
240.6,1500000
94.8,385000
220.2,535950
294.5,910000
104.1,465000
133.8,495000
201.6,250000
324.2,1225000
183.0,400000
258.3,715000
209.0,342000
124.5,420000
130.1,148226
140.3,313000
122.6,150000
76.2,150000
100.3,230000
78.0,389100
192.3,645000
141.2,310000
112.4,351358
354.0,1700000
498.9,1565000
143.1,850000
214.6,470000
173.7,770000
170.9,366000
191.4,545000
93.8,205000
94.8,405000
206.2,467000
97.5,392500
281.5,901000
167.2,500000
172.8,384950
378.1,1700000
79.9,245000
286.1,1165000
118.9,184500
143.1,269000
142.1,570000
218.3,850000
85.5,209000
170.9,327000
153.3,369500
163.5,440000
305.7,947500
118.0,510000
148.6,385000
248.1,370000
182.1,660000
306.6,729000
185.8,440000
219.3,445000
132.9,460000
216.5,516000
191.4,343888
208.1,500000
216.5,465000
202.5,302000
118.9,195000
198.8,640000
268.5,502000
137.5,360000
156.1,290500
200.9,248000
211.8,433000
76.2,480000
123.6,410000
214.6,309950
119.8,253000
151.4,280000
131.0,440000
115.2,333000
288.0,759950
187.7,345000
232.3,350000
73.4,198000
189.5,730000
132.9,266200
209.0,1060000
99.4,95000
120.8,430000
237.8,650000
203.5,379900
87.3,325000
161.7,455000
206.2,392000
121.7,373000
251.8,951250
120.8,502000
180.2,362500
100.3,525000
196.0,580000
147.7,278000
84.5,422500
147.7,783200
305.7,715000
186.7,472217
191.4,244615
144.9,385000
104.1,549995
329.8,959900
306.6,510000
185.8,367000
249.0,375000
119.8,500000
119.8,489000
106.8,340000
174.7,562000
223.0,489950
178.4,652000
404.1,472000
177.4,333000
185.8,560000
305.7,799000
323.3,860000
223.9,449500
262.0,692500
251.8,925000
193.2,267500
204.4,396800
109.6,220000
197.0,892500
135.6,455500
196.0,743000
166.3,338000
124.5,332000
228.5,563225
349.3,1150000
115.2,645000
255.5,739000
235.0,435000
297.3,995000
187.7,520000
281.5,400000
218.3,440000
157.0,440000
118.9,738000
108.7,250000
250.8,338150
167.2,425000
341.0,883000
218.3,510000
288.0,950000
104.1,435000
176.5,415000
125.4,439000
131.0,295832
144.9,285000
101.3,350000
136.1,489000
166.3,304500
120.8,288000
178.4,417000
131.9,615000
349.3,730000
86.4,178500
146.8,300000
201.6,415000
189.5,452500
318.7,1010000
200.7,653000
191.4,715000
131.0,541000
171.9,245000
127.3,547000
309.4,750000
183.0,575000
121.7,216000
152.4,443000
148.6,257700
114.3,278000
208.1,300000
203.5,269100
92.0,402500
93.8,306888
271.3,795000
214.6,525000
322.4,1050000
113.3,452000
144.0,350000
192.3,410000
191.4,595000
157.0,499000
236.9,340000
313.1,1065000
207.2,460000
221.3,345000
150.5,280500
105.9,704000
198.8,545000
176.5,335000
313.1,1325000
213.7,420000
189.5,705000
170.9,274900
265.7,499950
130.1,415250
92.0,222000
289.9,375000
152.4,300000
262.0,456700
183.0,925500
263.8,375000
220.2,420000
242.5,575000
124.5,335000
120.8,428000
310.3,655000
244.3,738000
182.1,415000
101.3,392000
144.0,555000
164.4,260000
129.1,392500
276.8,912000
77.1,135000
144.9,500000
126.3,238000
153.3,251000
140.3,406500
279.6,433495
140.3,265000
181.2,360000
167.2,425000
261.1,450000
163.5,449900
189.5,345000
157.0,612500
142.1,317000
168.2,585000
109.6,455000
380.0,1035000
209.0,497000
99.4,226750
169.1,385000
100.3,205000
256.4,745000
236.9,371000
193.2,545000
118.9,443000
88.3,287000
97.5,194000
167.2,265000
356.7,1135000
341.3,699950
158.9,433000
84.5,200000
124.5,289571
217.4,440000
140.3,400000
244.3,589000
288.0,850000
87.3,520000
127.3,555000
230.4,470000
99.2,207000
222.0,379750
201.6,709000
141.2,240000
205.3,445500
297.3,1308000
107.8,210000
248.1,603000
234.1,720000
70.6,92000
121.7,600000
255.5,725000
166.3,409950
166.3,515000
223.0,495000
224.8,998000
158.9,630000
185.8,410000
146.8,602000
214.6,750000
332.6,711600
401.3,1050000
237.8,700500
299.1,710000
154.2,250000
224.8,350000
266.6,475000
77.1,200000
158.9,450000
241.5,316000
62.2,310000
139.4,392000
135.6,521000
143.1,495000
116.1,209000
207.2,809950
167.2,400000
223.0,415000
220.2,411000
170.0,825000
137.5,436000
243.4,460000
120.8,281000
289.9,976000
223.0,485000
132.9,429000
230.4,729000
211.8,625000
129.1,218500
95.7,175000
104.1,442500
120.8,480000
223.9,715500
136.6,432500
438.5,875000
270.3,605000
464.5,1688000
157.0,318000
92.9,311300
223.0,325000
309.4,795000
191.4,558000
287.1,370000
218.3,598850
202.5,515700
173.7,458000
327.9,583500
228.5,653750
153.3,299000
323.3,532000
295.1,819000
224.8,945000
210.0,608700
221.1,812000
315.9,464000
350.2,950000
248.2,700000
109.6,435000
168.2,229500
242.5,1575000
134.7,265000
148.6,995000
246.2,590000
231.3,740000
79.0,360000
169.1,548500
182.1,599000
218.3,615000
122.6,292000
345.6,899000
205.3,500000
177.4,580000
263.8,580000
122.6,594000
226.7,500000
224.8,550000
109.6,275000
169.1,390000
349.3,1250000
144.9,250000
166.3,405000
132.9,213950
129.1,232000
92.0,207000
174.7,310000
234.1,540000
191.4,750000
199.7,392500
232.3,305000
222.0,735000
223.0,575000
61.3,175000
146.8,291000
301.9,791500
174.7,475000
110.6,238950
118.9,470000
221.1,420000
189.5,440000
133.8,656000
197.0,559950
92.0,600000
158.9,255000
170.9,210750
106.8,485000
209.0,390000
228.5,405000
143.1,462500
205.3,435000
133.8,440000
166.3,299950
104.1,440000
117.1,312620
109.6,372500
160.7,297262
209.0,735000
144.0,430000
99.4,241000
135.6,201000
98.5,570000
170.9,538000
226.7,729000
157.9,331500
63.2,110700
157.9,245000
185.8,427000
217.4,650500
104.1,335900
140.3,535000
197.0,360000
139.4,294900
95.7,460000
505.4,1769000
106.8,463000
224.8,332000
162.6,199500
162.6,247000
201.6,442500
236.0,600000
157.0,449000
148.6,725000
98.5,215000
184.9,582500
205.3,305000
287.1,734000
97.5,300000
236.9,525888
194.6,711000
141.2,360000
255.5,357000
111.5,235000
170.0,550000
107.8,324000
162.6,420000
223.0,450000
384.6,825000
196.5,272000
239.7,481000
113.3,500000
151.4,448000
125.4,480000
157.0,475000
157.9,472500
175.6,291000
79.0,294000
230.4,1013050
157.0,442500
75.3,170000
369.8,1582500
239.7,665000
565.3,1610000
198.8,675000
126.3,279900
167.2,875000
178.4,571000
79.9,320000
217.4,525000
375.3,1650000
107.8,137900
156.1,440000
118.9,360000
167.2,271000
394.8,465000
223.0,280000
87.3,283000
103.1,411500
224.8,282000
171.9,535000
187.7,554729
187.7,868000
170.0,427000
178.4,455000
118.9,595000
290.8,400000
364.2,770000
288.0,742500
299.1,1250000
155.1,375000
250.8,1557600
507.3,545000
408.8,1050000
203.5,1565000
111.5,178000
136.6,262500
153.3,730000
170.9,395000
112.4,355000
173.7,299990
361.4,1125000
247.1,425000
106.8,349000
161.7,554950
239.7,326000
159.8,580000
254.6,699000
242.5,757000
130.1,335000
238.8,660000
262.9,540000
244.3,320000
146.8,280000
143.1,324000
197.0,300000
170.0,360000
210.0,600000
232.3,950000
170.0,599950
110.6,190000
214.6,350000
114.3,522000
273.1,850000
93.8,308000
236.9,1020000
137.5,397500
135.6,186000
288.9,436500
198.8,710000
320.5,1378600
182.1,450000
175.6,375000
193.2,315000
157.9,467500
105.9,330000
291.3,665000
240.6,760000
137.5,469000
139.4,408000
247.1,851000
125.4,410000
79.9,235000
92.9,207100
230.4,560000
358.6,903000
198.8,998500
169.1,268500
206.2,494950
247.1,1130000
136.6,250000
218.3,449000
276.9,1225000
173.7,325000
225.8,506000
259.2,751000
127.3,280000
415.3,1120000
189.5,580000
217.4,665000
234.1,450000
158.9,389900
111.5,427000
123.6,265000
121.7,398000
280.6,354000
210.0,339950
73.4,399000
90.1,325000
209.0,998800
142.1,350000
165.4,1000000
197.0,561000
139.4,245000
139.4,570000
222.0,845000
222.0,314500
271.3,650000
79.0,298000
86.4,500000
310.3,870000
66.0,299000
208.1,527000
98.5,420000
219.3,290000
327.0,1662000
160.7,499990
108.7,315000
341.9,425000
269.4,630000
119.8,365000
186.7,774000
138.4,368888
179.3,339500
208.1,344950
215.5,450000
277.8,814950
204.4,299900
139.4,315000
358.6,880000
132.9,195000
348.4,910000
288.0,540000
173.7,306000
189.5,272000
343.7,1295000
292.6,450000
184.9,450000
161.7,310000
193.2,530000
191.4,435000
147.7,485000
163.5,690000
150.5,305000
112.4,300000
189.5,289950
210.9,575000
616.9,1820000
98.5,219000
180.2,265000
285.2,1105000
86.4,200000
202.5,545000
197.9,378000
74.3,388000
204.4,425000
105.0,536000
183.0,1175000
156.1,629950
136.6,465000
222.0,545000
213.7,592000
211.8,446000
123.6,375000
245.3,632500
225.8,459950
229.5,485000
133.8,255000
122.6,251750
261.1,725000
127.3,460000
185.8,625000
183.9,530000
190.5,394950
215.5,324950
182.1,330000
177.4,220000
188.6,685000
205.3,500000
242.5,368000
234.1,825000
170.9,660000
145.9,253000
223.0,392500
179.3,605000
107.8,215000
262.0,650000
284.3,877500
122.6,232500
111.5,234000
144.9,380000
285.2,420000
96.6,399950
184.9,256750
157.0,535000
168.2,515000
234.1,770000
145.9,256000
156.1,489900
116.1,165000
118.9,220000
429.2,575000
146.8,375000
153.3,422250
154.2,420000
223.9,608000
159.8,620000
289.9,850000
249.0,463000
245.3,750000
346.5,1070000
157.9,290000
211.8,525000
113.3,319000
325.2,592500
186.7,350000
197.9,454900
167.2,272000
99.4,357500
94.8,285000
148.6,280000
128.2,477000
303.8,750000
195.1,595000
196.0,525000
152.4,319000
122.6,225000
224.8,485000
129.1,341000
215.5,674000
201.6,442250
251.8,591000
134.7,276000
127.3,394000
168.2,355000
131.9,260000
194.2,300000
194.2,310000
123.6,209000
123.6,344950
177.4,230000
214.6,336950
232.3,700000
121.7,230000
189.5,443500
189.5,471000
223.0,595000
130.1,470000
157.9,600000
293.6,1381000
124.5,427800
136.6,445000
166.3,382000
144.9,577000
243.4,427000
146.8,255000
101.3,240000
301.0,1234580
234.1,435000
207.2,1450000
225.8,425000
94.8,393000
168.2,264950
321.4,746500
187.7,450000
131.0,229950
69.7,425000
492.4,2555000
406.9,1400000
212.7,753000
66.9,310000
111.5,395000
243.4,725000
197.0,295000
146.8,225000
386.5,1699000
170.0,431000
185.8,358500
91.0,595000
282.4,468000
161.7,260000
134.7,375000
144.9,295000
190.5,403900
163.5,269950
161.7,640000
84.5,221000
157.9,255000
243.4,300000
139.4,270000
151.4,575000
127.3,246900
129.1,635000
143.1,450000
110.6,215000
418.1,785000
220.2,522500
126.3,150000
80.8,199950
450.6,3000000
288.9,379900
343.7,950000
325.2,865000
155.1,785000
152.4,245700
315.9,951000
191.4,499950
123.6,257000
216.5,549000
282.4,1600000
343.7,1400000
184.9,619000
187.7,311000
276.9,600000
370.7,1080000
73.4,436000
98.5,205000
210.0,514000
176.5,530000
312.2,511000
329.8,2100000
254.6,370000
189.5,500000
378.1,710000
66.9,270000
185.8,415000
408.8,1800000
120.8,236000
131.9,278000
143.1,312000
143.1,539000
219.3,498000
345.6,857000
157.0,780000
213.7,650000
153.3,559500
92.0,219950
197.9,671500
308.4,813000
182.1,182000
71.5,203700
186.7,740000
74.3,230000
84.5,128000
111.5,345000
331.7,663000
169.1,329950
272.2,1047500
137.5,402300
307.0,492000
207.2,448000
144.9,273000
95.7,335000
221.1,695000
93.8,279000
191.4,485000
220.2,383000
208.3,490000
100.1,240000
82.7,285000
250.8,524950
227.6,729000
131.9,460000
118.9,687500
270.3,1168000
225.8,825000
172.8,314950
167.2,470000
182.1,500000
144.0,313000
78.0,445000
193.2,300000
205.3,619500
112.4,305000
125.4,874000
172.8,477500
180.2,700000
315.9,515000
208.1,590000
108.7,205000
290.8,310000
140.3,442500
347.5,1078500
249.9,530000
163.5,343500
202.5,334900
144.9,544300
165.4,370000
117.1,245000
145.9,535000
68.7,202000
187.7,490000
139.4,651500
155.1,270000
336.3,1164000
93.8,289000
135.6,240000
166.3,790000
163.5,350000
166.3,246950
97.5,400000
240.6,533000
96.6,198400
377.2,495000
296.4,862000
296.4,870000
202.5,875000
197.0,317000
196.0,325000
112.4,615000
223.9,334950
183.9,775000
220.2,600000
159.8,565000
69.7,292500
233.2,825000
239.4,495000
143.1,525000
66.9,438600
168.2,507000
128.2,275900
238.8,1170000
157.0,275000
131.9,355000
197.9,233000
278.7,666000
199.7,317500
211.8,420000
144.9,290000
174.7,320000
215.5,650000
93.8,325000
104.1,165000
144.9,500000
172.8,443000
106.8,213400
178.4,480000
231.3,275000
135.6,299880
169.1,499950
398.6,1705000
207.2,550000
192.3,300000
230.4,920000
381.8,2300000
212.7,620000
113.3,253500
243.4,978000
296.4,387500
79.0,325000
161.7,568000
198.8,525000
192.3,560000
156.1,394000
92.9,484950
310.3,1295000
117.1,315000
225.8,590000
52.0,106000
314.0,751000
102.2,474000
157.9,189000
148.6,440500
242.0,1017000
171.9,589000
170.0,273000
283.4,950000
115.2,277700
195.1,299900
116.1,235000
114.3,464000
157.0,281000
141.2,320000
175.6,282000
184.9,745000
137.5,245000
137.5,250000
197.0,470000
137.5,216650
116.1,440000
186.7,590000
292.6,935000
279.6,848000
364.2,827500
267.6,1125000
236.9,630000
104.1,340000
291.7,570000
383.7,2750000
277.8,514500
104.1,360000
145.9,228900
205.3,660000
222.0,647000
141.2,366000
170.0,354000
245.3,850000
161.7,496700
144.0,300000
96.6,390000
152.4,350000
152.4,561000
117.1,475000
108.7,275000
147.7,290000
162.6,199000
164.4,279900
327.9,1655000
200.7,405000
219.3,615000
183.9,268000
150.5,451000
250.8,850000
303.8,1180000
80.8,245000
78.0,450000
124.5,370350
143.1,543000
153.3,265000
244.3,497000
174.7,419000
183.9,545800
139.4,403000
114.3,195000
234.1,1125000
183.0,255000
141.2,500000
241.5,855000
212.7,390000
183.9,339000
201.6,1325000
169.1,429900
111.5,370900
112.4,457500
183.0,499000
96.6,225000
178.4,615000
94.8,455000
154.2,458000
155.1,580000
354.0,966000
187.7,240000
39.0,229050
129.1,328500
186.7,319000
169.1,650000
151.4,398500
74.3,250000
210.9,815000
212.7,1065000
255.5,510000
54.8,156000
238.8,254500
190.5,760000
149.6,210000
198.8,349950
160.7,676000
226.7,475000
299.1,880000
402.3,1209000
165.4,420000
114.3,607000
200.7,475000
130.1,395000
176.5,650000
270.3,625000
275.0,849000
186.7,429950
349.3,825000
94.8,505000
119.8,265000
82.7,283000
150.5,560000
312.2,765000
272.2,610000
273.1,589000
100.3,192500
423.6,3200000
93.8,550000
166.3,460000
191.4,264500
106.8,339000
374.4,950000
187.7,677500
254.6,690000
179.3,312000
232.3,840000
193.2,357500
135.6,675000
305.7,515000
143.1,491234
121.7,290000
197.0,490000
271.3,810000
106.8,252000
221.1,299999
206.2,400000
280.6,530000
228.5,357000
169.1,365000
243.4,804000
162.6,808250
187.7,360000
115.2,240000
128.2,335000
178.4,380000
156.1,350000
130.1,194000
115.2,310000
131.0,315000
133.8,258950
114.3,479000
144.0,510000
163.5,400000
464.5,1450000
198.8,680000
326.1,1750000
186.7,335000
314.9,460000
200.7,440000
120.8,412250
118.9,185000
170.9,286500
297.3,422000
260.1,408000
129.1,306500
241.5,359900
182.1,560000
116.1,259875
116.1,385000
51.1,188000
232.3,1142000
116.1,255000
280.6,1185000
152.4,635200
173.7,355000
163.5,544000
122.6,402000
132.9,575000
146.8,216000
387.4,1200000
287.1,850000
94.8,238000
202.5,625000
311.2,1110000
233.2,820000
174.7,355000
168.2,495000
387.4,1300000
207.2,398750
339.1,835000
262.9,705000
197.0,625000
194.2,550000
241.5,540000
77.1,519000
183.5,311000
176.5,305000
245.3,395000
149.6,275000
164.4,450000
99.4,324000
426.4,2795000
143.1,565000
147.7,373000
108.7,613000
267.6,614000
233.2,595000
118.9,440000
145.9,425000
68.7,407000
161.7,472000
109.6,472000
275.0,1250000
174.7,412000
106.8,717000
122.6,425000
152.4,299999
136.6,254000
83.6,178500
140.3,800000
133.8,420000
128.2,319900
106.8,350000
335.4,968000
116.1,491000
326.1,948000
210.0,900000
263.8,270000
132.9,198000
131.9,250000
197.0,615000
193.2,550000
127.3,190000
176.5,629000
154.2,434000
121.7,415885
170.9,550000
96.6,272000
242.5,665000
184.9,510000
286.1,530000
111.5,355000
116.1,255000
245.3,790000
166.3,695000
105.9,255000
166.3,410000
177.4,650000
142.1,675000
97.5,332888
160.7,300000
102.2,320000
195.1,342500
260.1,752875
464.5,1730000
81.8,255000
136.6,244000
367.0,1420000
91.0,218000
202.5,359000
282.4,840000
383.7,900000
171.9,205000
148.6,205000
192.3,500000
295.4,510000
641.0,1135000
245.3,1545000
178.4,210000
188.6,597500
105.9,400000
154.2,412000
129.1,299950
231.3,1081000
236.9,422500
118.0,410000
276.9,1400000
136.6,245000
329.8,720000
72.5,315000
129.1,191950
226.7,455000
117.1,523000
152.4,250000
155.1,294000
221.1,490000
95.7,310000
144.9,265000
152.4,402000
204.4,705000
296.4,589450
111.5,219950
209.0,750000
182.1,478000
116.1,170000
245.3,489950
228.5,1370000
157.9,319950
78.0,208417
176.5,410000
200.7,590000
149.6,648000
159.8,255000
203.5,465000
280.6,622000
183.9,306000
174.7,617000
149.6,438750
302.9,1280000
368.8,995000
424.6,1580000
243.4,635000
109.6,215000
126.8,530000
66.9,295000
125.4,245000
284.3,400000
171.9,303000
122.6,330000
184.9,700000
56.7,126000
232.3,850000
133.8,405000
255.5,869900
166.3,485000
97.5,400000
165.4,299950
204.4,585000
159.8,495000
542.6,2200000
141.2,447000
122.6,206000
99.4,500000
184.9,302500
462.7,1250000
82.7,391000
133.8,250000
226.7,435000
167.2,160000
210.0,451000
75.3,206000
208.1,590000
423.6,695000
144.0,350000
295.4,1236300
274.1,395000
203.5,419000
145.9,592350
317.7,855000
224.8,771000
145.9,325000
341.9,1850000
177.4,545000
165.4,615000
200.7,625500
135.6,232000
127.3,168000
127.3,238000
139.4,260000
112.4,460000
264.8,900000
101.3,289950
134.7,265000
169.1,465000
122.6,370000
155.1,240000
133.8,232000
91.0,237502
403.2,1280000
265.7,957000
105.9,218000
104.1,205000
135.6,350000
190.5,256000
116.1,275000
234.1,372000
239.7,688888
111.5,170000
198.8,530000
319.6,905000
167.2,365000
166.3,312000
116.1,400000
74.3,278750
131.0,510000
123.6,527700
268.5,740000
236.9,512000
267.6,362000
61.3,225000
136.6,491500
157.9,429950
96.6,375000
81.8,199400
231.3,364900
112.4,324950
193.2,467000
128.2,380000
150.5,250000
156.1,700000
123.6,206990
160.7,670000
73.4,315000
208.1,319950
139.4,419000
167.2,205000
183.9,335000
124.5,397000
69.7,370000
166.3,330000
510.0,1785000
180.2,399000
248.1,400000
113.3,249900
121.7,717000
179.3,319000
195.1,635000
109.6,355000
401.3,1600000
291.7,585000
215.5,320000
196.0,305495
166.3,240000
161.7,199950
354.9,1620000
190.5,770000
156.1,255000
179.3,289000
349.3,494500
220.2,746000
197.0,385000
220.2,688100
218.3,870300
109.6,310000
210.9,500000
170.0,255000
363.3,1475000
82.7,154500
169.1,425000
226.7,700000
103.1,410500
173.7,432000
115.2,530000
144.9,465000
177.4,498688
204.4,573500
235.0,349900
105.0,220000
76.2,260000
89.2,290000
183.9,615000
313.1,730000
689.3,1950000
167.2,332500
370.7,650000
378.1,1400000
152.4,465000
346.5,690000
113.3,289900
324.2,1620000
160.7,339950
318.7,367999
215.5,380000
188.6,440000
450.6,975000
124.5,309500
105.0,350000
109.6,215000
84.5,254000
151.4,567000
66.0,402000
141.2,365000
262.0,625000
183.0,432000
208.1,335500
172.8,672500
165.4,336000
166.1,294400
174.7,541900
213.7,505000
149.6,255000
210.9,435000
114.3,636000
317.7,655000
155.1,280500
104.1,520000
239.7,354000
357.4,810000
337.2,400000
332.6,879900
376.3,1288000
301.0,902500
143.1,900000
236.9,419500
217.4,685000
215.5,429950
152.4,464950
84.5,239900
236.9,406250
247.1,447000
137.5,466800
261.1,674000
77.1,525000
326.1,674950
230.4,374900
345.6,1443920
199.7,559500
220.2,522500
400.4,1130000
277.8,498500
125.4,571000
220.2,543000
131.0,271920
108.7,104950
167.2,485500
339.1,1210000
138.4,260250
335.4,875909
190.5,455000
101.5,309000
186.7,229000
156.1,250000
233.2,600000
211.8,535000
233.2,571000
296.4,1030000
435.7,600000
171.9,469500
386.5,1150000
206.2,785000
266.6,872750
367.0,900000
161.7,350000
444.1,2575000
293.6,940000
184.9,185000
364.2,850000
89.2,201000
143.1,499000
183.0,315000
174.7,509950
185.8,286300
184.9,590000
130.1,325000
296.4,625000
92.9,378000
155.1,239950
195.1,550000
93.8,325000
188.6,831000
101.3,249000
226.7,484000
232.3,395000
317.7,839900
264.8,760000
188.6,750000
426.4,3000000
207.2,440000
168.2,501000
371.6,739000
138.4,685650
392.5,1005000
197.0,980000
95.7,275000
214.6,319950
170.0,448500
197.0,437000
232.3,330000
229.5,365000
87.3,329000
302.9,681500
154.2,566000
406.0,897500
243.4,738000
139.4,185000
84.5,445000
132.9,175000
83.6,315000
116.1,445000
357.7,1400000
320.5,832500
367.0,771150
181.2,225000
157.9,389950
220.2,435000
148.6,845000
377.2,1300000
122.8,350000
105.9,250000
118.9,370000
286.1,750000
112.4,439950
181.2,395000
134.7,375000
147.7,263000
115.2,185000
133.8,500000
322.4,920000
473.8,936000
225.8,1500000
224.8,1100000
140.3,247000
111.5,289500
208.1,432500
173.7,680000
103.1,589000
298.2,756450
194.2,536650
122.6,540000
124.5,385000
94.8,485000
113.3,240000
113.3,415500
129.1,550000
275.9,1260000
133.8,430000
144.0,415000
176.9,365000
130.1,257000
198.8,420000
122.6,338995
243.4,615000
213.7,312500
185.8,513000
275.0,857500
250.8,1060000
161.7,585000
164.4,350500
119.8,215000
134.7,440000
131.9,270000
123.6,385000
163.5,688500
186.7,700000
237.8,585000
117.1,401000
224.8,655000
93.8,317000
164.4,500000
82.7,314963
155.1,715000
126.3,280000
197.0,531000
177.4,617000
137.5,440000
101.3,140000
155.1,661000
155.1,697000
339.1,1195000
183.0,535000
122.6,404500
158.9,396500
161.7,450000
204.4,605000
186.7,699000
363.3,805000
43.7,156000
216.5,595000
179.3,285000
303.8,725000
153.3,216300
206.2,410000
229.5,597000
120.8,325000
235.0,355000
223.0,338000
139.4,210000
157.9,423000
197.0,249500
208.1,325000
143.1,257000
175.6,550000
117.1,490000
107.8,299000
120.8,295000
299.1,630000
187.7,320000
277.8,1110000
131.9,398000
94.8,218000
223.0,590000
338.2,1595000
144.0,348500
173.7,592500
217.4,505000
311.2,1430000
158.9,502000
109.6,257500
148.6,405000
120.8,427000
96.6,290000
113.3,222000
208.1,315000
131.9,371000
146.8,279900
222.0,250000
210.0,599000
175.6,267300
170.0,585000
92.9,350000
202.5,506000
215.5,400000
78.0,151100
78.0,251000
218.3,555000
189.5,467500
220.2,479000
147.7,247000
128.2,299500
180.2,306888
308.4,675000
101.3,577000
153.3,219950
103.1,375000
196.0,650000
171.9,975000
55.7,229000
256.4,575000
275.9,815000
213.7,525000
188.6,471000
200.7,450000
153.3,590000
291.7,744000
249.9,460000
180.2,299000
113.3,231000
120.8,195000
154.2,305000
314.9,895000
214.6,1110000
88.3,339000
223.0,885000
165.4,375000
118.9,367400
179.3,700000
237.8,667000
85.5,200000
176.5,552775
210.9,452000
193.2,418000
135.6,601500
155.1,600000
261.1,340000
220.2,310000
157.9,290000
151.4,438000
272.2,718000
79.9,200000
183.9,479900
193.2,400000
98.5,219950
147.7,300000
183.9,437000
159.8,350000
125.4,626000
193.2,490000
194.2,289000
188.6,595000
249.0,676000
169.1,389000
120.8,240000
205.3,382500
130.1,511555
189.5,710500
224.8,429000
178.4,170000
358.6,2135000
256.4,480000
320.5,1665000
96.6,225000
206.2,615000
229.5,438950
120.8,242000
182.1,560000
189.5,857500
281.5,685000
210.0,486000
248.1,749000
141.2,260000
335.4,1015000
105.0,565000
137.5,355000
328.9,775000
195.1,335000
312.7,1300000
168.2,545000
156.1,540000
227.6,687500
106.8,115000
106.8,227000
301.0,870000
323.3,1190000
260.1,375000
301.0,902000
137.5,269500
157.9,570000
115.2,359950
345.6,1450000
177.4,615000
197.0,250000
280.6,530000
209.0,474950
153.3,490000
81.8,210000
172.8,265500
356.7,1462500
203.6,310000
147.7,324500
343.7,599000
341.0,525000
151.4,400000
393.0,887500
98.5,344000
250.8,525000
196.0,385000
345.6,820000
319.6,1305000
224.8,549000
101.3,180000
270.3,589000
97.5,350000
149.6,197400
163.5,267000
143.1,480000
239.7,650000
127.3,600000
133.8,490000
131.0,225000
183.9,640000
226.7,710000
125.4,325000
290.8,595000
81.8,128750
178.4,465000
250.8,710000
155.1,605000
322.4,994000
169.1,489950
121.7,365000
166.3,359950
228.5,495000
98.5,255000
124.5,330000
137.5,450000
325.2,655000
270.3,485000
180.2,375000
211.8,570000
110.6,350000
117.1,550000
210.9,513000
184.9,450000
139.4,432500
191.4,432000
181.2,480000
166.3,402200
141.2,650000
301.0,1199500
226.7,312000
206.2,610000
245.3,823000
134.7,471000
144.0,481015
576.0,1959000
261.1,624000
193.2,480000
127.3,815000
271.3,1650000
92.9,180000
112.4,156601
259.2,374950
154.2,368000
153.3,550000
120.8,198000
101.3,345000
247.1,1712750
87.3,185900
255.5,950000
357.7,995000
79.9,345000
192.3,741000
212.7,737000
217.4,668750
249.0,575000
158.9,280000
167.2,583000
140.3,196000
157.9,349950
125.4,429000
198.8,270000
250.8,385000
85.5,535000
139.4,352500
140.3,624000
183.9,215000
418.1,870000
299.1,440000
105.9,518000
138.4,259500
405.1,795127
89.2,290000
209.3,385000
71.5,259950
121.7,330000
91.0,280000
169.1,595000
369.8,925900
279.6,499000
170.0,325000
236.9,895000
74.3,162248
268.5,1072500
168.2,430000
168.2,615500
87.3,260000
168.2,295000
236.9,1186040
220.2,749950
127.3,175000
127.3,415000
111.5,190000
195.1,625000
187.7,420000
145.9,339900
105.9,160000
170.0,353000
93.8,390000
164.4,675000
197.0,400000
296.4,1340000
258.3,1650000
311.2,1000000
320.5,850000
98.5,275000
155.1,450000
209.1,305000
164.4,643002
140.3,468000
164.4,324950
117.1,290000
158.9,488500
212.7,367950
73.4,285000
169.1,417000
295.4,1115000
490.5,1550000
301.0,604000
222.0,380000
232.3,336500
212.7,685000
691.2,4208000
148.6,670000
104.1,524000
124.5,172000
155.1,680000
262.9,549900
250.8,357000
84.5,107000
84.5,232900
220.2,800000
81.8,248500
190.5,670000
109.6,207000
99.4,164000
128.2,570500
249.0,599990
195.1,395000
384.0,979500
85.5,207000
85.5,237000
162.6,650100
181.2,385000
154.2,335000
248.1,347000
91.0,204000
165.4,615000
220.2,943500
152.4,560000
242.5,547500
188.6,359500
240.6,660000
150.5,258000
189.5,355000
75.3,253500
118.0,422500
136.6,239000
159.8,628000
122.6,352000
126.2,311600
192.3,235000
270.3,870000
127.3,190848
217.4,570000
212.7,661254
153.3,575000
60.4,230000
213.7,680000
57.6,148000
57.6,244900
130.1,214950
167.2,580000
120.8,263000
219.3,317000
308.4,302000
137.5,899000
203.5,1289000
347.5,710000
126.3,230000
112.4,430000
428.3,1169000
79.9,397000
209.0,595000
188.6,485000
302.9,755000
170.9,185000
170.9,340000
185.8,236000
261.1,550000
165.4,680000
236.0,630000
217.4,560000
137.5,385000
126.2,280000
162.6,225000
170.0,610000
108.7,592500
294.5,750000
142.1,164000
102.2,320000
188.6,544000
173.7,344950
286.1,539500
230.4,420000
84.5,305000
75.3,229000
370.7,1068000
132.9,397500
203.5,540000
212.7,650000
280.6,1900000
210.0,649000
187.7,287500
243.4,815000
262.9,795000
157.9,502775
103.1,222900
199.7,399950
246.2,728000
359.5,850000
235.0,525000
134.7,257000
204.4,433500
175.6,314950
142.1,500000
147.7,300000
249.9,645000
92.0,222500
120.8,275000
159.8,498000
193.2,800000
170.9,297000
372.5,625000
330.7,770000
152.4,517000
49.2,238000
184.9,234550
157.0,230500
248.1,585000
179.3,733000
75.3,357950
144.0,530000
245.3,377500
215.5,475000
201.6,399000
193.2,660000
192.3,400000
74.3,440000
189.5,366400
262.9,627250
137.5,375950
168.2,162000
183.0,780000
246.2,705000
262.0,450000
130.1,311000
146.8,485000
167.2,485000
312.2,725000
140.3,185000
398.1,1890000
149.6,260000
229.5,356000
111.5,225205
117.1,445000
85.5,356000
236.0,760250
173.7,572000
284.3,970000
181.2,348450
160.7,535500
238.8,710000
138.4,745000
189.5,355000
249.9,333000
149.6,282000
234.1,840500
144.0,432000
167.2,625000
108.7,209977
83.6,174000
260.1,740000
170.0,518000
128.2,539000
184.9,575000
108.7,530000
130.1,242025
243.4,1030000
81.8,230000
210.0,350000
120.8,595000
134.7,440000
103.1,550000
175.6,940000
102.2,375000
125.4,567500
280.6,735000
67.8,114000
129.1,608000
251.8,442500
142.1,381800
201.6,330000
73.4,90000
107.8,312000
100.3,339000
203.5,313000
188.6,618080
230.4,325000
208.1,242000
153.3,364000
157.9,545000
259.2,445000
279.6,1085500
236.9,660000
267.6,845000
194.2,417000
68.7,213800
89.2,400000
195.1,759950
236.0,990000
153.3,710000
71.5,315000
211.8,515000
154.2,638000
187.7,370000
90.1,184000
230.4,583800
116.1,309500
411.6,1960000
68.7,299000
66.0,215000
183.0,410000
76.2,478000
92.9,431000
286.1,635000
223.9,648000
220.2,640000
435.7,932808
211.8,835000
142.1,469775
335.4,587000
161.7,677915
334.5,1075000
290.8,671000
366.0,695000
204.4,205000
140.3,350000
144.9,360000
173.7,313999
192.3,300000
154.2,452000
186.7,495500
131.0,288000
169.1,227490
237.8,470950
227.6,735000
288.9,730000
205.3,412000
244.3,589500
218.3,291000
413.4,1300000
111.5,190000
112.4,456200
119.8,225000
324.2,2000000
312.2,740000
247.1,467000
71.5,385000
167.2,670000
269.4,500000
132.9,352450
236.9,669888
121.7,405000
132.9,518000
174.7,280000
148.6,435000
163.5,314950
109.6,209900
216.5,630000
182.1,442000
105.9,340000
130.1,230000
251.8,495200
326.1,900000
84.5,265000
194.2,489500
131.0,335000
283.4,585000
186.7,800000
197.0,379500
118.0,475000
155.1,520000
167.2,515000
152.4,577500
161.7,269900
148.6,329000
118.9,458500
137.5,890000
183.9,361500
346.5,2535000
83.6,325000
323.3,1850000
263.8,945000
231.3,370000
138.4,320000
140.3,450000
269.4,800000
208.1,676000
189.5,1272500
135.6,290000
92.0,158000
183.0,379950
247.1,583000
80.8,150000
161.7,261500
212.7,278000
201.6,555000
189.5,355000
164.4,375000
221.1,227000
188.6,335000
210.9,680000
129.1,686500
142.1,410000
132.9,425000
188.6,562500
222.0,345000
236.0,627500
175.6,355000
173.7,335000
165.4,350000
149.6,590000
131.9,252000
412.5,1295000
169.1,705000
150.5,498000
80.8,312500
170.0,260000
212.7,209950
103.1,610000
133.8,500000
285.2,850000
226.7,689000
223.9,470000
210.9,640000
217.4,290000
167.2,258500
205.3,1100000
169.1,420000
110.6,230000
130.1,252000
241.5,515000
84.5,425000
163.5,575000
79.9,390000
214.6,561500
185.8,1350000
228.5,835000
94.8,245000
155.1,475200
73.4,425000
186.7,218000
241.5,600000
175.6,545000
427.4,2408000
186.5,460000
81.8,425000
157.9,455000
160.7,313100
363.3,780000
200.7,345500
111.5,243000
358.6,670000
122.6,325000
118.9,281000
102.2,130000
201.6,340000
252.7,485000
234.1,642860
237.8,747000
246.2,559950
266.6,577288
114.3,575000
134.7,287000
295.4,1149000
167.2,335000
187.7,375000
57.6,325000
203.5,530000
183.9,287000
275.9,320000
210.9,425000
151.4,550000
141.2,135000
193.2,695000
280.6,975000
202.5,210000
165.4,518000
127.3,335500
283.4,750000
138.4,515000
167.2,344500
163.5,470000
164.4,606150
270.3,292000
267.6,450000
234.1,429000
296.4,765000
50.2,425000
294.5,505000
170.0,544950
126.3,382000
173.7,475000
127.3,355000
157.9,410000
182.1,450000
384.6,565000
119.8,529100
228.5,452500
146.8,245000
65.0,415000
223.9,610000
202.5,363500
181.2,510000
244.3,650000
190.5,290000
73.4,170000
99.4,510000
1257.9,2280000
215.5,316000
248.1,690000
65.0,199950
79.9,207000
324.2,449950
107.8,361550
339.1,824000
144.0,537000
243.4,838400
66.9,225000
128.2,329900
108.7,282500
108.7,229950
151.4,500000
175.6,495000
93.8,149500
189.5,726000
379.0,899000
118.0,317000
73.4,395000
239.7,360000
212.7,570000
324.2,320000
140.3,320000
223.0,268000
83.6,191000
118.0,400000
97.5,515000
274.1,610000
171.9,538000
183.0,432000
223.0,335000
219.3,302000
146.8,787500
166.3,420000
263.8,560000
183.0,535000
165.4,310000
364.2,760000
144.0,242500
276.9,1313000
118.0,235000
282.4,598780
192.8,433200
103.1,343000
74.3,145000
63.2,291970
156.1,599950
363.3,1749000
258.3,870000
185.8,323000
292.6,727000
104.1,166000
161.7,450000
275.9,400000
275.9,599000
106.8,165000
110.6,229000
83.6,305000
274.1,930000
184.9,542000
94.8,214000
192.3,718000
132.9,349000
188.6,305000
150.5,498000
392.1,799950
213.7,737000
355.8,860000
222.0,339950
133.8,249000
84.5,370000
144.0,725000
221.1,529000
191.4,310000
174.7,315000
322.4,1300000
219.3,435000
183.0,350000
96.6,240000
131.9,410000
212.7,430000
142.1,446000
126.3,240000
341.9,595000
85.5,215150
99.4,319950
147.7,385000
148.6,280000
140.3,399950
100.3,132500
123.6,399950
79.0,290000
182.1,860000
648.5,3100000
142.1,245000
122.6,255000
215.5,310000
89.2,299000
189.5,575000
100.3,284000
187.7,840000
165.4,442573
105.9,560000
149.6,485000
133.8,472500
396.7,1610000
321.4,808000
175.6,398000
208.1,340000
70.6,380000
94.8,235000
123.6,400000
258.3,582000
99.4,209000
247.1,335000
66.0,285950
310.3,645000
107.8,312000
263.8,663000
185.8,443950
98.5,315000
160.7,302200
203.5,770000
154.2,374950
205.3,330000
80.8,230000
288.0,967000
159.8,536500
289.9,315000
96.6,626000
153.3,334009
93.8,429000
373.5,818000
201.2,326000
174.7,310000
210.0,525000
186.7,350000
309.4,936000
141.2,226000
326.1,1250000
146.8,428000
135.6,329932
135.6,539000
153.3,275000
247.1,590000
326.1,782000
197.0,575000
165.4,509000
185.8,290000
120.8,305240
202.5,555000
166.3,317000
177.4,430000
167.2,850000
243.4,469000
133.8,327200
259.2,835000
217.4,360000
192.3,372000
200.7,453000
194.2,275000
189.5,475000
181.2,310000
111.5,173000
208.1,313500
126.3,345000
139.4,436000
120.8,244500
105.9,206000
272.2,890000
198.8,329950
151.2,250000
184.9,246000
181.2,440000
177.4,395000
76.2,305000
136.6,160000
136.6,269000
98.5,169500
290.8,690500
117.1,245560
204.4,345000
239.7,383000
125.4,388500
125.4,250000
212.7,455500
113.3,672000
255.5,550000
132.9,487000
206.2,291375
138.4,225000
226.7,519950
192.3,250000
139.4,614950
187.7,599500
203.5,625000
72.5,248500
113.3,469950
170.9,525000
222.0,787500
344.7,485000
69.7,310000
196.0,280000
94.8,200000
286.1,490000
83.6,146000
345.6,500000
87.3,242500
96.6,324950
92.9,231500
193.2,300000
232.3,545000
97.5,350000
150.5,467100
149.6,180000
197.9,749000
135.6,245000
148.6,260000
160.7,490000
211.8,565000
225.8,330000
128.2,295000
166.3,725000
313.1,1135000
271.3,680000
202.5,490000
137.5,635000
218.3,750000
226.7,330000
125.4,270000
183.0,340000
103.1,413252
274.1,600000
275.9,726888
66.9,285000
71.5,365000
153.3,295000
150.5,460000
140.3,230000
99.4,337000
93.8,300000
313.1,2300000
185.8,360000
191.4,585000
161.7,182700
161.7,305000
174.7,309950
89.2,550000
304.7,825000
145.9,998500
277.8,644500
116.1,320000
178.4,266950
229.5,633100
89.2,395000
87.3,259250
117.1,300000
211.8,413000
161.7,435000
244.3,500000
225.8,402000
210.0,777700
113.3,580000
239.7,570000
67.8,174950
70.6,300000
161.7,435000
317.7,840000
208.1,469000
178.4,870000
187.7,532000
174.7,455000
93.8,201000
370.7,649000
129.1,445500
114.3,475000
273.1,590000
203.5,565000
59.5,110000
155.1,375000
115.2,255000
171.9,315000
187.7,496600
94.8,380000
149.6,338950
253.6,542500
263.8,739000
119.8,549000
155.1,252000
358.6,1698890
228.5,735000
154.2,270000
317.7,2250000
93.8,155000
208.1,469000
217.4,305000
178.4,675000
228.5,931000
136.6,385000
315.9,815000
177.4,531000
130.1,386500
141.2,475580
86.4,358000
217.4,677500
271.3,868500
118.0,599380
227.6,712000
128.2,350000
234.1,875000
212.7,365000
154.2,452000
260.1,915000
157.0,482500
109.6,425000
129.1,460000
215.5,666570
210.9,390000
245.3,650000
156.1,305000
92.0,250000
257.3,438800
88.3,290000
200.7,324950
153.3,453000
167.2,556000
154.2,315000
173.7,445830
299.1,1260000
171.9,287200
146.8,525000
426.4,1135000
250.8,381000
94.8,360000
274.1,619000
165.4,535000
66.0,402000
399.5,600000
193.2,549950
219.3,300000
205.3,360000
403.2,419000
122.6,510000
183.9,319950
367.9,1180000
197.9,381000
159.8,256900
166.3,346000
129.1,465000
176.5,545000
152.4,516000
250.8,550000
204.4,339950
121.7,417000
230.4,906000
279.6,980000
227.6,555000
116.1,468000
242.5,378000
186.7,430000
289.9,730100
127.3,219000
224.8,570000
139.4,262500
244.3,525000
88.3,520000
249.0,417400
341.9,788000
118.0,320000
216.5,950000
89.2,255000
184.9,260000
134.7,394000
211.8,575000
170.0,1250000
153.3,385000
252.7,456000
158.9,637000
131.9,485000
133.8,315275
118.9,252500
122.6,240000
237.8,790000
137.5,310000
275.0,1250000
107.8,425000
196.0,548000
153.3,379880
181.2,530000
241.5,695000
118.0,435000
120.8,540000
166.3,425000
179.3,490000
111.5,220000
190.5,540000
158.9,670000
197.9,667500
157.9,585000
129.1,225000
114.3,375000
138.4,335000
226.7,680000
90.1,600000
157.9,161000
157.9,220000
159.8,420000
130.1,710000
238.8,626000
111.5,279500
407.8,1610000
100.3,325000
172.8,380000
199.7,470000
209.0,363000
190.5,245000
93.8,525000
543.5,1700000
176.5,658500
94.8,680000
314.9,835000
184.9,595000
296.4,419000
112.4,198900
347.5,1085000
199.7,500000
226.7,575000
114.3,324950
254.6,259000
210.0,551000
92.9,488000
218.3,635000
213.7,395000
133.8,370000
258.3,675000
111.5,402000
282.4,825000
247.1,579000
140.3,455000
165.4,265000
271.3,713500
144.0,240000
251.8,570000
105.9,243800
87.3,543000
200.7,1010000
229.5,625000
260.1,459950
224.8,370000
135.6,150000
169.1,683500
141.2,499950
122.6,255000
178.4,279000
245.3,910000
246.2,699000
338.2,1651000
131.9,248000
143.1,429000
144.0,685000
67.8,316000
187.7,410000
111.5,299000
115.2,559000
249.0,575000
152.4,602000
152.4,492000
149.6,293500
212.7,481000
197.9,311100
198.8,375000
373.5,1075000
188.6,500000
128.2,553000
165.4,760000
133.8,589500
259.2,840000
389.3,2546000
359.5,1275000
171.9,260000
144.0,430000
178.4,781000
73.4,280000
347.5,392000
124.5,466200
150.5,641000
156.1,350000
149.6,450000
414.3,1800000
111.5,185000
116.1,290000
337.2,964000
395.8,2000000
202.5,545000
163.5,609950
169.1,605000
197.0,550000
253.6,905000
225.8,384200
108.7,370000
194.2,717500
363.3,1999000
105.9,365500
135.6,580000
250.8,415000
62.2,272000
174.7,600000
183.9,744000
193.2,830000
128.2,322000
168.0,270000
125.4,272450
163.5,605000
181.2,510000
294.5,1125000
278.7,1688000
135.6,162000
125.4,337500
136.6,312000
311.2,740000
311.2,700000
126.3,328000
94.8,241000
170.9,265000
188.6,246000
138.4,271000
191.4,270000
208.1,395000
135.6,340000
198.8,340000
131.9,335000
98.5,435000
163.5,527950
215.5,600000
164.4,667000
426.4,1148000
189.5,417000
117.1,451000
153.3,580000
221.1,570000
255.5,750000
261.1,685000
124.5,275000
224.8,739888
200.7,715000
227.6,800000
173.7,350000
92.9,220000
208.1,452500
204.4,280000
73.4,248000
82.7,305000
118.0,435010
171.9,678100
125.6,325000
143.1,529950
152.4,440000
125.4,585000
186.7,462608
193.2,350500
96.6,210000
175.6,510000
168.2,280000
179.3,385000
93.8,349000
161.7,252000
270.3,1100000
123.6,375000
205.3,336000
248.1,732000
92.9,200000
292.6,681716
141.2,235000
157.0,257500
99.4,315000
84.5,299950
197.9,530000
207.2,766500
330.7,860000
240.6,690000
189.5,551000
195.1,530000
124.5,568000
257.3,749950
223.0,535000
105.9,234300
86.4,190000
169.1,525000
129.1,610000
137.5,520000
70.6,375000
146.8,600000
173.7,664000
140.3,698000
116.1,418000
198.8,271675
143.1,450000
274.1,759000
187.7,599950
262.0,810000
154.2,331292
170.0,348000
66.9,435000
200.7,530000
140.3,227000
173.7,285000
265.7,740000
92.0,246000
177.4,260000
125.4,366000
237.6,594950
242.5,608000
159.8,313100
108.7,185000
105.9,455000
218.3,235000
94.8,230000
253.6,770000
170.0,240000
157.0,461000
269.4,1580000
592.7,1822500
157.0,452000
247.1,765000
422.7,1050000
142.1,546000
192.3,781000
174.7,538000
208.1,790000
236.0,696500
127.3,276000
71.5,269000
732.1,2415000
275.9,829000
68.7,122000
126.3,352500
118.9,249000
178.4,360000
187.7,629500
307.5,1140000
274.1,1550000
122.6,275000
293.6,697000
152.4,379500
226.7,720000
278.7,675000
261.1,1169000
222.0,1100000
193.2,520000
246.2,415000
98.5,415000
180.2,450000
100.3,485000
157.9,294000
412.5,1037000
146.8,690000
337.2,716500
119.8,481000
182.1,575000
194.2,785000
182.1,480000
197.0,720000
212.7,536000
174.7,324900
71.5,265000
142.1,545000
134.7,465000
157.0,292500
174.7,860000
386.5,1045000
198.8,495000
122.6,342000
185.8,320000
135.6,444000
285.2,804100
154.2,432000
168.2,230000
326.1,935000
202.5,634950
306.6,780000
228.5,611000
174.7,475999
212.7,565000
212.7,630000
358.6,840000
245.3,790000
264.8,450000
280.6,1272000
140.3,520000
223.9,446800
136.6,652000
268.5,1170000
324.2,745000
118.0,594000
92.9,257000
132.9,485000
98.5,330000
156.1,381000
211.8,849900
227.6,793000
339.1,920000
77.1,455000
324.2,975000
97.5,375000
108.7,400000
113.3,447000
121.7,470000
290.8,665000
147.7,295500
159.8,200000
234.1,620000
141.2,434900
302.9,1328000
363.3,1650000
323.3,852500
282.4,790000
188.6,565000
359.5,1127500
173.7,289950
245.3,850000
180.2,505000
158.9,372000
157.0,207000
217.4,780000
157.9,400000
171.9,440250
127.3,585000
269.4,850000
223.0,570000
347.5,869000
201.6,551000
90.1,172380
243.4,355000
276.9,728935
217.4,850000
174.7,515000
137.5,215000
208.1,220000
273.1,845000
66.0,390000
135.6,135000
142.1,439000
244.3,585000
207.2,620000
89.2,477000
109.6,399500
163.5,500000
124.5,432500
260.1,940000
402.3,3168750
345.6,1080000
155.1,229999
102.2,233000
301.0,600000
156.1,334000
95.7,332500
151.4,249900
242.5,310000
116.1,200000
137.5,310000
129.1,230000
180.2,420000
275.0,785000
401.3,1775000
139.4,265000
78.0,295000
330.7,896000
222.0,415000
111.5,250000
238.8,1475000
202.5,635000
320.5,905000
187.7,528000
230.4,530000
105.9,310000
142.1,252000
157.9,334500
199.7,370000
110.6,311000
160.7,260000
130.1,217500
204.4,290000
89.2,500000
164.4,423500
275.9,715000
147.7,299000
311.2,635000
313.1,806000
182.1,289950
126.3,280000
258.3,479950
278.7,394000
334.5,682000
92.0,409950
277.8,1000000
111.5,436000
142.1,279000
133.8,390000
180.2,635000
198.8,304400
216.5,780000
254.0,520000
181.2,580000
133.8,274000
142.1,315000
177.4,390000
162.6,340000
148.6,502000
162.6,260000
87.3,399000
81.8,312500
153.3,370000
354.9,1240000
176.5,230000
345.6,1275000
131.0,294350
89.2,208950
179.3,515000
317.7,965000
279.6,925000
165.4,654500
193.2,364000
116.1,150000
209.7,349950
155.1,585000
209.0,801501
153.3,610000
267.6,382000
336.3,495000
181.2,447500
211.8,575000
161.7,565000
113.3,348580
210.0,459000
166.3,375000
226.7,310000
130.1,210000
168.2,384205
130.1,180000
130.1,310000
186.7,427500
234.1,780000
284.3,1762000
199.7,339950
267.6,820000
120.8,398000
257.3,492000
165.4,240000
346.5,599950
86.4,105500
86.4,445000
135.6,390500
121.7,255000
257.3,675750
291.7,1640000
164.4,353500
113.3,765000
203.5,563500
167.2,439000
288.0,975000
210.9,469900
120.8,252000
164.3,495000
313.1,570000
151.4,327000
229.5,898000
241.5,300000
167.2,418500
208.1,450000
182.1,403000
158.9,440000
198.8,350000
130.1,240000
82.7,460000
169.1,825000
172.8,267500
113.3,201000
213.7,479500
141.2,210000
133.8,445000
108.7,265000
108.7,399000
297.3,785000
415.3,831500
238.8,360000
220.2,655000
167.2,449950
213.7,612000
301.0,575000
211.8,557000
173.7,375000
169.1,369000
222.0,330000
196.0,1031000
91.0,550000
116.1,338000
341.9,1900000
207.2,235000
114.3,349950
194.4,300000
154.2,431000
151.4,280000
155.8,295000
277.8,445000
199.7,550000
268.5,515000
283.4,555000
131.0,265000
211.8,597000
117.1,661000
135.6,362764
148.6,427000
187.7,405000
108.7,157000
108.7,246500
118.9,386500
249.0,300000
164.4,240000
445.0,818500
120.8,249000
242.5,580000
418.1,2340000
195.1,333000
124.5,230000
90.1,360500
204.4,265000
92.0,490000
109.6,600000
91.0,307500
220.2,670000
177.4,247200
489.6,2600000
132.9,440000
231.3,700000
185.8,756100
241.5,555000
267.6,830000
93.8,180000
305.7,775000
142.1,220000
187.7,650000
124.5,410000
202.5,339995
266.6,1160000
192.3,440000
86.4,275000
210.9,766000
151.4,231500
257.3,472000
372.5,1325000
183.0,265000
73.4,325000
161.7,364500
105.0,322500
109.6,338900
218.3,910000
218.3,1015000
171.9,459950
299.1,584950
190.5,252000
132.9,270000
298.2,750000
327.0,775000
210.0,325000
305.7,810000
152.4,409000
146.8,400000
180.2,530000
146.8,580000
162.6,491300
168.2,272000
183.0,599950
164.4,464000
167.2,471001
139.4,230000
87.3,358000
217.4,510000
78.0,86500
78.0,199950
273.1,1712500
295.4,850000
187.7,542000
76.2,102500
377.2,718000
247.1,625000
93.8,350000
66.0,216000
91.0,340000
102.2,505000
263.8,372000
213.7,263850
498.9,1350000
211.8,325000
93.8,289000
131.9,364000
195.1,610000
288.9,531500
200.7,402500
76.2,375000
403.2,537500
195.1,375000
116.1,293550
359.5,585000
126.3,225000
130.1,185000
134.7,402000
174.7,585000
128.2,549000
270.3,1810000
128.2,345000
288.0,302500
130.1,218500
153.3,705000
78.0,191000
236.9,695000
262.0,350000
158.9,480000
76.2,220000
243.4,535000
225.8,1000000
144.9,592000
284.3,775000
156.1,320000
308.4,760000
222.0,640000
126.3,253200
167.2,228000
107.8,325000
386.5,530000
154.2,300000
131.0,418000
207.2,415000
157.9,384000
192.3,325000
213.7,600000
282.4,760000
113.3,168000
89.2,405000
137.5,479000
144.9,549000
102.2,215000
83.6,550000
223.0,389000
215.5,447500
238.8,540000
120.8,273500
272.2,257000
66.9,199000
218.3,339100
273.1,435000
187.7,400000
132.9,356000
88.3,395000
116.1,575000
120.8,515000
234.1,618250
123.6,245000
230.4,690000
280.6,465000
164.4,280000
179.3,285000
153.3,320000
239.7,355000
238.8,670000
267.6,550000
247.1,765000
144.9,430000
286.1,950000
236.0,525000
286.1,300000
203.5,345000
272.2,838000
267.6,1795000
200.7,390000
196.0,1150000
170.0,295000
295.4,775000
174.7,380000
105.9,550000
167.0,199900
155.1,329900
239.7,898000
345.6,875000
259.2,375000
203.5,365000
211.8,530000
102.2,225500
202.5,318000
257.3,910000
183.9,207000
388.3,1886700
281.5,624500
157.0,640000
184.9,500000
209.0,390000
193.2,284000
228.5,620000
240.4,306000
238.8,495000
220.2,499950
99.4,330000
180.2,665000
246.2,850000
212.7,599950
190.5,360000
249.0,699000
141.2,475000
249.9,575000
109.6,345000
281.5,367950
130.1,374500
278.7,607500
111.5,374000
92.9,390000
254.6,705000
184.9,467000
196.0,243500
170.0,593000
87.3,223000
276.9,574000
210.0,400000
322.4,772000
140.3,593777
251.8,539500
193.2,550000
172.8,265000
197.0,428000
103.1,505000
482.2,925000
141.2,230000
246.2,695000
311.2,700000
164.4,712500
204.4,480000
185.8,470000
160.7,335000
120.8,270000
274.1,810000
159.8,589000
81.8,415000
166.3,197000
128.2,235500
142.1,460000
216.5,572500
143.1,302000
298.2,870000
105.0,485000
135.6,240000
131.0,383000
162.6,750000
127.3,409950
165.4,246000
175.6,860000
151.4,339950
215.5,315000
239.7,698000
136.6,419000
213.5,372000
182.1,425000
274.1,386500
62.2,348000
280.6,754000
222.0,269950
287.1,891500
165.4,349950
131.9,360000
224.8,975000
137.5,449250
203.5,350000
169.1,790000
168.2,990000
236.9,834000
126.3,466950
209.9,262500
360.5,762300
253.6,733000
260.1,439000
398.6,1160000
164.4,420000
178.4,549000
215.5,518000
275.1,695000
156.1,485000
147.7,280000
131.9,306500
127.3,720000
243.4,277500
168.2,649000
439.4,3395000
65.0,267800
222.0,625000
192.3,600000
165.4,395000
176.5,212000
96.6,425000
220.2,870000
183.0,420000
197.0,800000
182.1,575000
247.1,915000
109.6,400000
222.0,750000
116.1,235000
241.5,599950
87.3,481203
360.5,1815000
142.1,379000
225.8,626000
95.7,535000
254.6,1225000
109.6,410000
287.1,940000
98.5,326250
73.4,200000
285.2,880000
195.1,370000
102.2,190000
99.4,160000
203.5,625000
320.5,590000
192.3,575000
110.6,470000
55.7,130000
87.3,229000
118.9,279900
127.3,307000
227.6,399950
183.0,405000
270.3,539950
70.6,129000
118.0,340000
145.9,214950
214.6,450000
176.5,515000
351.2,1400000
98.5,230000
174.7,681000
107.8,255000
79.9,580000
147.7,295000
108.7,286000
110.6,425000
120.8,170000
154.2,380000
107.8,506000
181.2,315000
229.5,449950
132.9,255000
183.0,289000
130.1,389000
140.3,327000
497.0,2885000
85.5,210000
707.9,1680000
231.3,360000
281.5,875000
153.3,550000
112.4,257500
277.8,1075000
98.5,202950
249.0,622000
166.3,455000
249.9,805000
71.5,257000
250.8,744500
243.4,885000
86.4,355000
124.5,240000
136.6,169000
216.5,639900
160.7,292000
258.3,563500
111.5,389000
411.6,2750000
169.1,661000
120.8,344000
63.2,510000
72.5,289000
225.8,365000
162.6,410000
149.6,535610
197.0,397950
132.9,284000
126.3,201000
235.0,734000
303.8,357500
243.4,550120
168.2,300000
197.0,374950
203.5,602500
91.0,221000
207.2,920000
143.1,235000
91.0,375000
197.0,599000
194.2,562100
150.5,640000
153.3,294000
300.1,714000
259.2,970000
148.6,280000
166.3,260000
191.4,294000
127.3,255500
576.0,3300000
140.3,450000
118.9,368000
202.5,830000
133.8,282500
146.8,335000
146.8,558000
160.7,270000
65.0,152000
188.6,493000
232.3,740000
242.0,789800
84.5,275000
330.7,1500000
105.9,424000
92.9,715000
279.6,600000
196.0,802000
84.5,165000
190.5,750000
101.3,405000
195.1,521900
92.9,275000
409.7,600000
167.2,442500
85.5,229950
131.0,274950
172.8,407185
195.1,468000
95.7,450000
87.3,219950
124.5,275000
79.0,229950
197.9,675000
225.8,412950
212.7,670000
114.3,420000
106.8,358000
197.0,680000
91.0,380000
197.9,515000
97.5,325000
169.1,875000
205.3,426000
231.3,868500
384.6,657500
112.4,366000
93.8,385000
190.5,300000
191.4,810000
144.9,460000
165.4,459000
135.6,260000
281.5,557865
91.0,295000
134.7,375000
300.1,2110000
141.2,307300
131.0,225000
129.1,290000
207.2,690000
196.0,825000
210.9,645000
235.0,590000
176.5,667000
222.0,664000
293.6,452100
83.6,290000
335.4,950000
192.3,662500
171.9,475000
133.8,450000
240.6,538250
105.9,329950
256.4,1103990
121.7,307000
173.7,433000
176.5,212000
265.7,750000
152.4,279000
105.9,476000
240.6,368000
200.7,228950
302.9,568450
154.2,619000
152.4,275000
243.4,321500
88.3,230000
83.6,179500
153.3,460000
167.2,286000
137.5,427500
96.6,400000
213.7,675000
230.4,350000
183.0,385000
142.1,525000
90.1,315000
271.3,820000
90.1,205000
63.2,500000
245.3,599000
390.2,2225000
183.9,299000
276.9,947500
151.4,385000
165.4,639950
112.4,824000
93.8,199950
238.8,1005000
257.3,950000
212.7,822000
165.4,473600
199.7,490000
178.4,245000
113.3,199000
275.0,1340000
139.4,418000
262.9,450000
146.8,280000
114.3,273000
270.3,549000
220.2,913888
179.3,689888
165.4,305000
256.4,602500
150.5,355000
200.7,756000
203.5,289950
301.0,800000
66.9,403000
131.0,350000
276.9,1285000
181.2,525126
102.2,241450
130.1,320000
158.9,234000
185.8,441000
185.8,474500
133.8,705000
141.2,517500
133.8,142500
93.8,310000
226.7,749500
230.4,360000
101.3,267500
137.5,290000
260.1,850000
169.1,815000
542.6,2200000
276.9,1625000
113.3,175000
170.0,429950
269.4,675000
180.2,580000
162.6,240000
171.9,374000
299.1,862500
100.3,140000
370.7,740000
85.5,589000
119.8,275000
194.2,489900
176.5,545000
126.3,235000
92.9,230000
201.6,655000
76.2,185000
101.3,196000
170.0,572000
279.6,615000
385.5,1950000
272.2,1225000
141.2,375000
116.1,295000
256.4,760000
123.6,347000
157.9,712000
190.5,495000
291.7,925000
188.6,775000
195.1,429000
93.8,229000
183.9,400000
195.1,625000
78.0,130000
157.0,349000
198.8,365000
168.2,487500
241.5,475000
153.3,685000
228.5,960000
401.3,1100000
241.5,428000
179.3,435000
203.5,769950
131.9,385000
194.2,352000
212.7,622500
229.5,660000
78.0,105000
195.1,420000
126.3,499950
317.7,975000
179.3,665000
202.5,540000
155.1,400000
252.7,469950
294.5,777000
149.6,346500
220.2,685000
240.6,396500
264.8,783500
154.2,575000
515.6,1500000
204.4,515000
187.7,300000
163.5,272000
168.2,355000
121.7,223000
278.7,397000
100.3,460000
201.6,848000
68.7,392800
491.5,1690000
491.5,1800000
220.2,577000
175.6,570000
107.8,250000
144.0,645000
287.1,567500
242.5,337000
114.3,280000
118.9,167000
174.7,280000
113.3,317500
125.4,405500
220.2,495000
282.4,691000
193.2,480000
144.9,549010
276.9,750000
80.8,365000
154.2,412500
173.7,425000
131.0,920000
202.5,340000
243.4,405000
227.6,537100
301.9,353500
106.8,522000
258.3,710000
126.3,329950
261.1,830000
165.4,800500
102.2,168500
207.2,490000
158.9,579000
243.4,600000
184.9,445000
134.7,362500
151.4,234000
67.8,321500
183.9,660000
160.7,319000
125.4,314000
131.0,517950
219.3,525000
110.6,319500
349.3,1580000
113.3,325000
271.3,795000
147.7,850000
326.1,1010000
122.6,475000
149.6,375000
131.0,405000
201.6,420000
175.6,775000
302.9,800000
193.2,436800
189.5,620000
116.1,230000
79.0,165000
79.0,490000
148.6,480000
223.0,570000
173.7,615000
159.8,280000
95.7,326000
110.6,550700
84.5,600000
119.8,450000
142.1,546000
216.5,585000
194.2,489000
145.9,765000
144.9,519000
139.4,262000
200.7,550000
72.5,285000
217.4,476000
331.7,2200000
66.9,335000
277.8,510000
172.8,291000
181.2,335000
172.8,415000
144.0,430000
149.6,270000
168.2,760000
160.7,450000
114.3,425000
197.9,725000
203.5,700000
383.7,998000
156.1,396000
137.5,547000
166.3,302000
261.1,999000
219.3,633000
135.6,265800
200.7,530000
242.5,605000
201.6,489000
200.7,305000
187.7,513000
276.9,765000
120.8,550000
287.1,974350
211.8,653675
117.1,245000
142.1,700180
170.0,510000
149.6,390000
201.6,606500
466.4,1500000
150.5,290000
100.3,115000
180.2,500000
78.4,139950
219.3,580050
186.7,550000
74.3,465000
90.1,354950
345.6,980000
186.7,500000
132.9,667750
209.0,735000
197.9,361000
150.5,276750
291.7,760000
80.8,475000
169.1,234000
140.3,234950
122.6,269950
167.2,495000
104.1,438000
200.7,260000
299.1,697000
89.2,212625
245.3,593000
225.8,410000
136.6,445434
189.5,200126
155.1,290700
93.8,248000
50.2,345000
115.2,525000
140.3,400000
169.1,532000
92.9,159995
189.5,287000
342.8,1115000
214.6,765000
101.3,185000
106.8,430000
195.1,346000
199.7,607000
232.3,417000
327.9,930000
119.8,573300
186.7,260000
39.0,280000
202.5,825000
106.8,307000
185.8,595000
258.3,528000
144.0,600000
202.5,275000
145.9,782000
210.0,610000
148.6,488000
151.4,320000
82.7,153500
125.4,414500
264.8,750000
125.4,349990
304.7,645000
101.3,425000
277.8,785000
124.5,290000
124.5,415000
66.9,248500
216.5,325000
118.9,272925
145.9,500000
140.3,250000
229.5,470000
110.6,440000
184.0,299999
147.7,255000
106.8,415950
200.7,402000
164.4,729000
229.5,635000
158.9,479000
172.8,462370
106.8,171500
357.7,925000
316.8,675000
175.6,320000
297.3,499950
201.6,435000
222.0,359800
131.0,239900
68.7,295000
199.7,380000
202.5,435000
76.2,508000
509.1,2400000
182.1,234500
118.0,355000
158.9,230000
179.3,345000
111.5,430000
156.1,500000
120.8,378000
143.1,345000
80.8,410000
175.6,750000
190.5,485000
81.8,105000
258.3,1025000
107.8,360000
213.7,294000
291.7,400000
213.7,325000
269.4,770000
178.4,443000
106.8,325000
289.9,760000
237.8,640000
131.0,415000
90.1,156000
336.3,996000
81.8,415000
176.5,615000
236.0,717000
157.0,548000
104.1,425000
197.9,325250
317.7,1225000
176.5,557500
346.5,1260500
166.3,249950
209.0,260000
267.6,1989000
165.4,442900
146.8,475000
302.9,365000
295.4,780000
228.5,930000
805.5,2888000
94.8,350000
151.4,357500
305.7,520000
180.2,330000
125.4,310000
103.1,279000
278.1,540000
211.8,322000
353.0,380000
79.0,320000
144.9,400000
92.9,412000
130.1,887200
143.1,395000
331.7,895000
74.3,195000
107.8,390000
93.8,165000
93.8,255000
222.0,589000
149.6,505000
223.0,335750
167.2,719000
196.0,796000
89.2,95000
241.5,525000
124.5,417000
131.0,410000
222.0,984000
109.6,325000
96.6,314950
170.9,350000
244.3,1045000
245.3,657000
159.8,234950
215.5,410000
170.9,625000
268.5,706000
204.4,485000
154.2,685000
201.6,242050
307.5,770000
134.7,557000
133.8,246000
163.5,194000
294.5,720000
116.1,449000
304.7,925000
228.5,570000
136.6,395000
165.4,1000000
146.8,406000
151.4,574800
208.1,309000
225.8,770000
180.2,525000
183.0,419000
190.5,479000
124.5,160000
174.7,333000
79.9,310000
198.8,666000
336.3,2230000
220.2,310000
172.8,350000
196.0,610000
184.9,564800
169.1,438000
289.9,855000
110.6,229000
108.7,260000
244.3,609000
134.7,277000
195.1,283000
156.1,334000
185.8,267000
95.7,385000
187.7,640000
206.2,532500
162.6,335000
158.9,415000
330.7,1098000
252.7,1442500
93.8,180000
170.0,335000
416.2,835000
193.2,592500
136.6,418900
148.6,340000
124.5,545000
341.9,1378000
164.4,183750
91.0,295000
235.0,625000
222.0,290000
334.5,760000
303.8,560000
213.7,475000
158.9,620000
108.7,330000
184.9,620000
158.9,320000
161.7,525000
308.4,802500
182.1,569500
262.0,850000
147.7,630000
231.3,454800
80.8,177000
172.8,275000
272.2,460000
146.8,729000
381.8,935000
131.0,481450
194.2,860000
130.1,274000
157.0,499000
298.2,696500
110.6,390000
89.2,265000
221.1,470000
94.8,168500
119.8,220000
170.0,295000
443.1,1475000
270.3,1295000
88.3,285000
107.8,294950
458.0,1465000
165.4,565500
131.0,230000
250.8,569950
166.3,721000
375.3,565000
184.9,438000
199.7,369900
171.9,405000
156.1,282000
132.9,380950
89.2,349810
250.8,690000
119.8,653000
172.8,526500
401.3,1040000
197.9,335000
266.6,570000
347.5,1080000
197.9,475000
112.4,315000
260.1,405000
282.4,562000
145.9,295000
194.2,383000
157.0,242000
136.6,352500
135.6,239950
281.5,998000
110.6,515000
170.9,590000
330.7,1160000
146.8,289000
114.3,424000
133.8,199000
410.6,730000
84.5,244000
62.2,240000
246.2,797000
206.2,350000
152.4,415000
71.5,378510
367.9,1195000
105.9,379900
230.4,620000
146.8,524500
184.9,270000
170.0,236000
78.0,308500
308.4,989900
190.5,299000
144.9,295000
74.3,110000
110.6,295950
120.8,270000
315.9,712000
108.7,475000
233.2,410000
233.2,588000
222.0,420000
204.4,355000
236.9,446000
237.8,765000
301.9,967500
124.5,381000
263.8,490000
230.4,716000
284.3,605000
270.3,312200
176.5,327000
120.8,229950
137.5,160000
116.1,255000
185.8,530000
123.6,239000
170.9,285000
144.9,537000
292.6,530000
144.9,213675
270.3,530000
273.1,780000
88.3,390000
111.5,450000
92.9,420000
138.4,550000
55.7,110000
215.5,700000
296.4,807500
92.0,179000
508.2,1612500
268.5,655000
166.3,472500
218.3,299000
318.7,740000
241.5,860000
197.9,620000
154.2,410000
229.7,343000
132.9,465000
145.9,273950
115.2,825000
159.8,255000
105.9,250000
249.9,635000
141.2,240000
189.5,670000
262.9,713414
124.5,245000
234.1,600000
154.2,270000
81.8,190000
91.0,435000
126.3,560000
344.7,998000
87.3,725000
90.1,210000
139.4,513000
258.3,290000
288.9,1260000
172.8,330000
93.8,189000
264.8,907500
211.8,410000
286.1,1050000
211.8,622100
188.6,250000
238.8,1180000
338.2,925000
163.5,554000
256.4,545000
246.2,660000
479.4,1900000
137.5,260000
79.9,219900
242.5,373500
136.6,380000
424.6,1060000
316.8,2600000
163.5,450000
189.5,379950
322.4,834800
63.2,365000
138.8,465000
116.1,452000
331.7,840000
185.8,465000
188.6,295000
129.1,396000
95.7,397000
118.9,240000
220.2,300523
128.2,215500
215.5,552500
190.5,375000
112.4,160000
303.8,1070000
227.6,952000
175.6,523460
186.5,305950
132.9,220000
191.0,289000
205.3,648000
216.5,825000
192.3,400000
137.5,420000
107.8,389000
234.1,865000
164.4,345000
288.9,700000
156.1,550000
122.6,201500
122.6,459000
168.2,327000
105.9,540000
427.4,805000
170.9,521000
185.8,375000
137.5,235000
189.5,240000
191.4,575000
345.6,1520000
278.9,394500
98.5,174950
170.0,383000
144.0,249950
157.0,431000
239.7,459900
233.2,475000
119.8,605000
134.7,234950
249.9,419000
310.3,910000
241.5,392000
291.7,915000
353.0,630000
215.5,416100
219.3,285000
102.2,353000
129.1,297950
202.5,750000
160.7,525000
256.4,495000
225.8,710000
186.7,310000
160.7,205000
227.6,530000
306.6,725000
66.9,195000
115.2,401000
283.4,1030000
147.7,251000
189.5,667500
170.9,300000
182.1,610000
381.8,1042030
170.0,430000
123.6,455000
203.5,600000
159.8,638000
158.9,561000
202.5,625000
157.9,263950
275.0,740000
123.6,234999
180.2,380000
139.4,329500
207.2,464950
157.9,500000
170.9,415000
195.1,437500
239.7,599000
218.3,367000
70.6,530000
304.7,989000
122.6,462600
157.0,875000
191.4,335000
134.7,393000
256.4,1340000
262.9,590000
175.6,671000
242.5,925000
176.5,245000
86.4,392500
253.6,505000
246.2,702000
93.8,337000
329.8,920000
197.9,495500
170.9,245000
122.6,395000
92.0,335000
94.8,187000
145.9,450000
179.3,280000
349.3,1375000
92.9,265000
179.3,795000
208.1,510000
203.5,699900
223.0,839000
183.0,396000
265.7,365000
176.5,440000
194.2,405000
79.0,295000
170.9,275000
76.2,295000
406.0,1500000
296.4,795000
323.3,650000
157.0,260000
153.3,382000
240.6,790100
200.7,220000
325.2,799000
364.2,1480000
203.5,367300
175.6,805000
172.8,730000
159.8,402000
241.5,750000
145.9,458000
327.9,898000
182.1,308000
207.2,385000
252.7,1020000
263.8,1425000
117.1,240000
172.8,217000
186.7,972000
76.2,361280
113.3,385000
206.2,475000
265.7,724950
393.0,935000
78.0,169950
212.7,585000
212.7,585000
323.3,480000
395.8,635000
207.2,368750
286.1,432500
209.0,589000
293.6,840000
164.4,316500
267.6,536000
249.9,563750
160.7,152500
160.7,267950
444.1,1640000
236.0,269950
244.3,731688
175.6,240000
113.3,555950
66.0,289000
275.9,525000
275.9,745000
92.9,397000
183.9,233000
178.4,625000
254.6,535000
161.7,270000
120.8,360000
254.6,1105000
377.2,970000
324.2,915000
132.9,412000
172.8,265000
197.0,426000
172.8,266000
216.5,325000
155.1,615000
197.9,310000
176.5,340000
108.7,562500
91.0,447000
433.9,2450000
232.3,250000
187.7,633000
119.8,310000
150.5,439000
158.9,470000
159.8,270000
169.1,299500
105.0,227000
282.4,735000
223.9,537000
226.7,699000
74.3,330000
95.7,229000
137.5,200000
158.9,522500
320.5,1295000
242.5,2000000
72.5,200000
117.1,352000
240.6,855000
146.8,267000
154.2,484000
274.1,402000
208.1,905000
180.2,274000
171.9,475000
536.1,1535000
211.8,628000
254.6,675000
349.3,429900
146.8,260000
148.6,690000
195.1,1081000
242.5,360000
170.9,499000
122.6,159000
143.1,430000
234.1,1050000
351.2,725000
111.5,150000
252.7,840000
288.0,499000
151.4,285000
177.4,340000
146.8,405100
157.0,464000
182.1,723000
399.5,430000
170.9,645000
323.3,1580000
251.8,925000
195.1,759000
163.5,690000
200.2,358800
159.8,683000
132.9,650000
259.2,288000
109.6,209950
227.6,939000
123.6,320000
180.2,283748
148.6,370000
298.2,399950
267.6,360000
107.8,365000
126.3,396900
187.1,321000
133.8,245000
145.9,502000
216.5,257000
174.7,423000
171.9,485000
207.2,500000
92.0,442000
159.8,475000
300.1,625000
109.6,194000
134.7,410000
220.2,1034500
238.8,490000
173.7,348500
113.3,380000
164.4,660000
139.4,525000
103.1,235000
462.7,1210000
219.3,397950
148.6,268000
134.7,525000
249.0,549950
106.8,370000
173.7,299000
315.9,715000
168.2,430000
172.8,345000
352.1,1600000
197.9,534640
265.7,1225000
220.2,351000
212.7,745000
104.1,320000
168.2,555700
299.1,690000
154.2,449000
79.0,308500
247.6,340000
239.7,937750
297.3,725126
78.0,135000
275.9,635000
73.4,245500
198.8,230000
239.7,1770000
202.5,425000
98.5,220000
172.8,370000
170.9,390000
124.5,239000
215.5,345000
196.0,289000
170.9,285000
100.3,147400
119.8,600000
205.3,245000
205.3,520000
131.0,352500
347.5,448000
226.7,270000
189.5,872500
356.7,2152500
154.2,225000
152.4,735000
121.7,375000
159.8,169000
159.8,279950
373.5,1950000
182.1,310000
301.0,975000
335.4,650000
167.2,930000
182.1,412000
116.1,225000
197.0,507000
358.6,1755000
124.5,230000
165.4,316000
364.2,616200
157.0,509900
238.8,370000
173.7,619100
265.7,805000
155.1,612125
99.4,350000
87.3,225000
240.4,335000
325.2,972800
157.0,500000
352.1,2200000
101.3,415000
208.1,399000
106.8,376000
173.7,340000
277.8,490000
239.7,374000
206.2,852000
150.5,473000
240.6,540000
129.1,431000
210.9,435000
271.3,1051000
116.1,450000
102.2,157500
139.4,244000
260.1,550000
317.7,975000
195.1,426500
166.3,350000
166.3,615000
206.2,542000
185.8,710000
164.4,289950
397.6,1900000
117.1,528000
78.0,471000
170.0,250000
90.1,155000
161.7,515000
153.7,336600
222.0,915000
100.3,350000
242.5,1300000
99.4,175000
132.9,545000
223.0,475000
62.2,390000
265.7,645000
210.9,410000
202.5,480000
172.8,725000
561.1,1150000
93.8,300000
238.8,752000
181.2,585000
183.0,678700
196.0,603000
153.3,715000
327.0,1395000
263.8,1085000
138.4,467500
153.3,359000
182.1,745000
227.6,450000
159.8,935000
183.9,615000
381.8,1031000
184.9,283500
79.9,340000
215.5,370000
389.3,1150000
180.2,265000
234.1,480000
174.7,667500
270.3,1398000
493.3,2300000
248.1,465000
43.7,192500
98.5,345000
104.1,439800
209.0,468000
192.3,775000
220.2,684680
331.7,910000
448.7,3640900
107.8,375000
149.6,250000
385.5,3065000
170.9,442500
379.0,900000
169.1,699000
249.0,360000
445.0,1675000
224.8,675000
105.0,345000
122.6,229000
119.8,300000
148.6,392500
104.1,552000
191.4,457000
262.9,518000
112.4,237000
144.9,399950
210.0,605000
171.9,295000
179.3,513000
300.1,772500
300.1,765000
227.6,696950
111.5,329000
219.3,339999
98.5,364500
206.2,607500
81.8,550000
233.2,479900
235.0,1120280
65.0,192000
139.4,250000
105.0,340000
131.9,340000
205.3,635250
108.7,324800
72.5,78000
164.4,400000
99.4,640500
179.3,570000
180.2,1330000
133.8,330490
161.7,325000
161.7,335000
205.3,314000
203.5,625000
240.6,809000
259.2,535000
202.5,275000
239.7,358000
262.0,297975
120.8,492000
66.9,210000
210.0,622500
144.0,550000
129.1,190000
221.1,340000
245.3,678000
210.0,275000
159.8,493000
99.4,147000
185.8,334000
260.1,605000
134.7,365000
150.5,345000
251.8,999000
141.2,470000
253.6,599000
161.7,255000
167.2,295000
385.5,550000
303.8,1305000
99.4,225000
182.1,520000
148.6,345000
153.3,475000
201.6,497500
346.5,649500
304.7,734500
80.8,276000
83.6,235000
130.1,325000
156.1,425000
222.0,307000
213.7,635000
124.5,223000
241.5,425000
152.4,190000
182.1,275000
137.5,450000
465.4,1468000
143.1,550000
374.4,835000
280.6,900000
147.7,290000
270.3,1035000
280.6,780000
212.7,572500
202.5,389000
254.6,350000
254.6,476000
216.5,1046250
213.7,287000
144.0,707500
162.6,464500
202.5,720000
149.6,319000
145.9,330000
105.9,120750
105.9,195000
230.4,650000
157.0,530000
270.3,825000
148.6,436000
93.8,658000
171.9,547500
199.7,762000
246.2,340000
233.2,880000
301.0,1220000
319.6,1950000
106.8,382500
175.6,344500
132.9,375000
34.4,276000
290.8,500000
195.6,330000
82.7,328000
124.5,450000
212.7,840500
257.3,679000
175.6,270000
293.6,757500
170.0,524950
274.1,424900
132.9,551100
131.9,421000
228.5,635000
124.5,255000
142.1,419950
246.2,325000
155.8,281000
190.5,655275
234.1,861000
243.4,850000
153.3,246000
65.0,380000
318.7,813000
291.7,990000
218.3,650000
184.9,273000
190.5,398000
86.4,200000
114.3,839000
173.7,502000
196.0,305000
293.6,574950
104.1,311000
255.5,1650000
114.3,387000
110.6,375000
68.7,175000
164.4,248000
159.8,336750
257.3,685000
216.5,645000
154.2,279000
160.7,479000
174.7,466000
203.5,361500
159.8,404000
219.3,319000
138.4,320000
324.2,1311000
220.2,1000000
212.7,660000
166.3,546000
169.1,300000
163.5,500000
225.8,381500
244.3,990000
222.0,278226
139.4,340000
233.2,305000
224.8,760000
201.6,195000
182.1,564000
211.8,539500
146.8,299980
171.9,290000
71.5,257000
197.0,518500
284.3,657000
249.0,590000
206.2,526000
106.8,254500
91.0,575000
157.0,464550
122.6,409950
84.5,100000
76.2,365000
120.8,208000
181.2,497950
341.1,405000
254.6,568000
82.7,334000
101.3,235000
108.7,295000
241.5,610000
185.8,453500
327.0,1220000
131.0,175000
131.0,335000
181.2,275000
91.0,400000
314.9,915000
210.9,619850
140.3,225900
89.2,525000
176.5,215000
239.7,802000
217.4,330000
146.8,549800
114.3,195500
147.7,338000
650.3,3200000
164.4,480000
171.9,383000
132.9,257000
203.5,335000
214.6,422000
185.8,560000
336.3,680000
112.4,320000
216.5,665000
263.8,751000
223.9,320000
169.1,290000
136.6,250000
102.2,423000
190.5,601002
115.2,352900
205.3,509950
124.5,360000
239.7,1075000
222.0,349950
209.0,395000
185.8,273500
173.7,700000
220.2,699000
245.3,537000
115.2,405000
74.3,269500
190.5,260000
153.3,266750
401.3,1800000
197.9,779000
263.8,500000
286.1,365000
144.9,724000
299.1,890000
134.7,431000
89.2,242000
248.1,415000
214.6,727160
327.0,1110000
101.3,265000
185.8,519000
170.9,262000
293.6,1190000
141.2,295000
196.0,615000
316.8,1100000
244.3,575000
125.4,388000
265.7,750500
214.6,527500
240.6,503000
325.2,1047000
74.3,325000
146.8,402000
144.9,370000
162.6,329950
55.7,135000
151.4,482500
117.1,259000
198.8,210000
259.2,459000
235.0,375000
123.6,295000
250.8,910000
161.7,470000
192.3,565000
248.1,339950
204.4,547000
75.3,125000
368.8,2300000
220.2,348000
135.6,175000
164.4,439950
104.1,230000
141.2,207000
280.6,320000
520.3,1089000
122.6,510000
173.7,730000
228.5,750000
89.2,237000
319.6,560000
279.6,745000
560.2,1825000
184.9,180000
184.9,309950
158.9,715000
175.6,620000
184.9,330000
148.6,525000
354.9,611000
205.3,294000
187.7,463000
164.4,320900
190.5,369950
290.8,565000
327.0,589500
168.2,400000
199.7,458000
231.8,436000
119.8,310000
279.1,398000
192.3,625000
376.3,1005000
89.2,435000
176.5,250000
134.7,430000
252.7,790000
448.7,1681000
178.4,250000
236.0,1120000
148.6,383900
205.3,330000
233.2,624000
211.8,383000
408.8,687000
293.6,558000
128.2,275000
308.4,687500
173.7,275000
281.5,700000
112.4,342500
254.6,483500
125.4,190000
125.4,300000
136.6,540000
118.0,140000
156.1,275000
197.0,370000
96.6,227000
160.7,312000
131.0,260000
127.3,797000
263.8,640000
304.7,605000
192.3,329950
89.2,180000
136.6,220000
225.8,723000
132.9,375000
163.5,388000
160.7,249950
212.7,390000
157.0,705000
299.1,590000
197.9,292000
195.1,506000
257.3,907500
375.3,2271150
232.3,319500
146.8,265000
105.0,237000
139.4,235000
207.2,740000
144.0,359000
207.2,334950
73.4,259950
207.2,253000
158.9,561000
117.1,455000
224.8,675000
101.3,267000
249.8,368000
150.5,599995
87.3,342500
180.2,252000
147.7,247200
280.6,910000
173.7,419950
81.8,160000
281.5,799950
198.8,400000
190.5,210000
190.5,475000
194.2,355900
234.1,420000
244.3,710000
237.8,518000
111.5,375000
93.8,185000
141.2,402000
201.6,585000
183.9,500000
285.2,1715000
480.3,1680000
105.9,570000
235.0,680000
157.0,345000
199.7,355000
109.6,390000
130.1,128000
120.8,448500
147.7,346000
184.9,779000
140.3,335000
270.3,1850000
264.8,799990
262.9,1075000
103.1,371000
176.5,620000
212.7,343000
93.8,265000
433.9,1000000
315.9,825000
378.1,889000
151.4,305000
157.9,407000
192.3,613000
432.9,1637500
190.5,645000
434.8,1160000
215.5,610000
353.0,450000
66.9,300000
408.8,1120000
210.0,418200
153.3,250000
237.8,619000
345.6,500000
240.6,465000
162.6,322000
150.5,276900
157.9,660000
227.6,480000
149.6,925000
346.5,825000
112.4,326000
120.8,205000
79.0,150000
164.4,593567
191.4,440000
287.1,751000
97.5,295000
120.8,422500
107.8,480000
317.7,890900
243.4,672500
174.7,605000
423.6,1675000
216.5,565000
218.3,725000
144.9,640000
128.2,253750
282.4,799950
125.4,595000
295.4,850000
166.3,366000
184.5,715000
223.0,300000
426.4,960000
183.0,812000
126.3,234950
251.8,656500
85.5,255000
185.8,538000
178.4,260000
248.8,546200
113.3,280500
133.8,295000
224.8,700000
194.2,560000
374.4,912000
121.7,437000
167.2,447000
107.8,500000
107.8,508300
173.7,485000
343.7,540000
211.8,356000
159.8,525000
337.2,962800
189.5,315000
162.6,525000
144.0,325000
232.3,965800
133.8,550000
105.0,182200
112.4,315000
89.2,500000
200.7,480000
315.9,1690000
367.9,525000
176.5,407500
243.4,443000
292.6,1256500
96.6,642000
143.1,520000
169.1,750000
179.3,855000
132.9,275000
271.3,265000
288.0,894400
111.5,546000
222.0,699950
118.0,435000
120.8,259500
212.7,359950
161.7,517000
147.7,579000
224.8,525000
197.9,320000
181.2,635000
199.7,400000
118.0,455000
171.9,572000
133.8,650000
129.1,162500
124.5,400000
110.6,268300
355.8,989000
165.4,342000
290.8,315000
170.0,485000
236.9,277500
352.1,1295000
167.2,385000
151.4,426000
173.7,310000
173.7,449000
91.0,375000
265.7,1187500
136.6,468000
107.8,336000
180.2,392000
151.4,412500
255.9,545000
132.9,133000
132.9,440000
130.1,294450
234.1,335000
119.8,362000
130.1,322000
68.7,230500
158.9,380000
224.3,292000
96.6,172500
328.9,784000
235.0,525000
215.5,600000
235.0,435000
259.2,359900
181.2,700000
94.8,280000
288.9,655000
493.3,2480000
239.7,499950
128.2,540000
369.8,970000
193.2,330000
142.1,474000
179.3,670000
216.5,1300000
358.6,1160000
267.6,440000
147.7,411000
199.7,500000
213.7,1335000
269.4,696000
183.0,465000
161.7,518000
113.3,251000
119.8,255000
72.5,319000
205.3,719000
550.9,1520000
181.2,322000
124.5,205000
147.7,229000
165.4,395000
70.6,183000
159.8,583500
192.3,312000
166.3,539000
300.1,409000
130.1,510250
127.3,535000
148.6,280000
88.3,286000
205.3,710000
86.4,395000
75.3,237500
151.4,464000
164.4,495000
66.0,257500
370.7,570000
214.6,362000
150.5,640000
105.9,172500
96.6,596000
201.6,840000
313.1,1600000
83.7,435000
78.0,251000
153.3,282500
128.2,265000
84.5,330000
114.3,435000
161.7,827235
119.8,249950
181.2,400000
199.7,300499
144.9,449000
104.1,500000
166.3,865000
305.7,899950
143.1,370000
393.9,442500
93.8,310000
275.9,1565000
203.5,245000
65.0,254950
306.6,510000
127.3,299950
249.0,379950
129.1,350000
157.9,300000
233.2,994000
157.9,315000
202.5,480500
164.4,373000
305.7,728000
282.4,415000
228.5,427500
90.1,339300
122.6,313000
176.5,431500
113.3,415000
136.6,490000
430.1,1425000
130.1,275000
99.4,325000
337.2,1180000
183.0,690000
186.7,410000
262.0,960000
235.0,299250
66.0,239000
112.4,235000
220.2,587000
213.7,431000
288.9,1636000
184.9,285000
244.3,778000
120.8,415000
156.1,550285
202.5,910000
257.3,860000
197.0,765000
262.9,782000
127.3,525000
261.1,745000
327.0,470000
184.9,345000
192.3,279000
122.6,500000
120.8,237000
117.1,200500
223.0,387500
181.2,392500
132.9,305000
196.0,981000
276.9,680000
192.1,276000
314.0,655500
261.1,555000
86.4,235000
120.8,325000
122.6,268950
146.8,264500
150.5,240000
255.5,819000
205.3,850000
161.7,294950
197.0,693000
258.3,478000
77.1,222000
192.3,635000
129.1,469000
242.5,350000
135.6,180000
314.9,490000
126.3,360000
260.8,630000
124.5,615000
124.5,279950
107.8,317000
229.5,618000
185.8,620000
103.1,345000
208.1,608000
178.4,325000
210.9,475000
142.1,154000
309.4,1190000
245.5,376950
116.1,500000
300.1,499950
81.8,230000
206.2,652600
105.0,185000
134.7,274950
70.6,447000
106.8,129000
252.7,436000
193.2,825000
100.3,225000
175.6,265000
139.4,765000
182.1,509000
238.8,762450
170.0,465000
183.9,564000
105.0,384500
186.7,415000
169.1,345000
217.4,465950
165.4,325000
165.4,500000
227.6,450000
223.9,475000
314.0,1346400
158.9,747000
161.7,395000
185.3,505000
163.5,215000
368.8,775000
278.7,540000
143.1,392500
200.7,987000
200.7,1190000
168.2,252500
226.7,730000
297.3,497300
275.9,640000
212.7,580000
169.1,377000
279.6,1280000
126.3,396500
193.2,300000
103.1,532000
144.9,579000
327.0,1400000
211.8,571000
127.3,301950
217.4,660000
294.5,455000
128.2,375000
250.8,470000
120.8,374990
176.5,541500
348.4,782500
144.2,264000
232.3,640000
164.4,660000
391.1,1365000
201.6,389950
140.3,226000
173.7,390000
145.9,485000
230.4,840000
332.6,600000
137.5,331000
242.5,780000
157.9,300000
115.2,361810
154.2,467000
150.5,399000
105.0,315450
121.7,600000
158.9,247500
198.8,330000
218.3,500000
145.9,367500
258.3,560000
236.0,655000
232.3,530000
193.2,270000
163.5,437500
163.5,575000
180.2,278000
279.6,568500
228.5,280000
69.7,250000
120.8,247500
344.7,1250000
219.3,535000
296.4,814842
202.6,340000
175.6,359950
242.5,750000
287.1,1220000
79.9,370000
92.9,329950
256.4,500000
324.2,734000
275.0,385000
118.9,230000
300.1,1385000
170.0,210000
131.9,293000
146.8,465000
182.1,449000
155.1,325000
155.1,180000
275.0,650000
224.8,665000
131.9,324450
201.6,588000
121.7,200000
170.0,383000
126.3,499950
319.6,549000
186.7,465000
227.6,450000
281.5,799900
230.4,495000
400.4,1200000
197.0,637000
205.3,589000
130.1,305000
256.4,600000
236.9,587000
206.2,1425000
122.6,250000
226.7,515000
351.2,833000
438.5,860000
219.3,550000
82.7,180000
164.4,507000
159.8,427000
231.3,616950
175.6,372000
94.8,290000
224.8,329990
148.6,393500
313.1,1550000
159.8,240000
101.3,285000
101.3,382500
334.5,1925000
256.4,800000
257.3,550000
234.1,387846
182.1,367500
163.5,780500
101.3,680000
182.1,434400
113.3,370000
160.7,465000
170.0,323000
148.6,270000
189.5,1320000
251.8,560000
105.9,450000
86.4,290000
93.8,354000
221.1,705000
172.8,445000
133.8,229900
276.9,610000
248.1,535000
199.7,437400
293.6,540000
175.6,570000
261.1,533000
249.9,555000
114.3,239950
88.3,350000
111.5,245000
155.1,456000
198.8,465000
133.8,445000
283.4,517850
238.8,329000
170.9,512500
116.1,365000
131.0,450500
144.9,915000
89.2,205000
173.7,314000
83.6,496000
190.5,329950
223.0,375000
171.9,623000
113.3,310000
291.7,532500
223.9,960000
290.8,598000
213.7,683000
263.8,425000
167.2,533000
110.6,375000
158.9,250500
176.5,257000
81.8,218000
191.4,460000
126.3,255544
156.1,560000
276.9,480000
197.9,1300000
246.2,580000
157.9,475000
249.0,1309500
235.0,700000
234.1,590000
151.4,264500
67.8,465000
84.5,290000
419.0,1815000
103.1,416000
134.7,360000
270.3,585083
241.5,840000
67.8,81000
226.7,1285000
212.7,326000
66.9,447000
87.3,185000
143.1,439950
105.9,234000
195.1,485000
248.1,750000
255.5,865000
238.8,287500
154.2,375000
157.9,565000
142.1,260000
117.1,190000
256.4,399950
170.0,275000
200.7,528000
164.4,315000
205.3,614306
423.6,1490000
196.0,590000
105.0,261500
182.1,300000
207.2,439000
218.3,277554
124.5,215000
200.7,1200000
157.9,420000
153.3,485000
143.1,202500
364.2,710000
301.9,535000
126.3,260000
137.5,254000
219.3,600000
167.2,285000
236.0,800000
111.5,165000
66.0,216500
245.3,387990
279.6,500000
257.3,650000
214.6,646000
191.4,323400
174.7,300000
211.8,712500
128.2,550000
109.6,400000
153.3,255000
188.6,660000
196.0,925000
197.9,534000
157.0,215000
233.2,1950000
327.9,1400000
136.6,212000
170.9,265000
172.8,400000
180.2,311500
410.6,2328000
74.3,225000
343.7,1250000
130.1,380000
209.0,600000
207.2,600000
181.2,315000
236.9,847000
255.5,730000
212.7,1058000
218.3,1620000
159.8,664000
261.1,454450
87.3,341000
110.6,276693
129.1,185000
154.2,160000
178.4,270000
135.6,300000
127.3,264950
97.5,209950
312.2,850000
293.6,645000
230.4,855000
252.7,632500
192.3,289950
201.6,850000
302.9,565000
209.0,792000
181.2,260000
206.2,585000
123.6,295500
110.6,329000
257.3,750000
214.6,495000
146.8,672500
260.1,1307000
139.4,405000
198.8,620000
216.5,615000
355.8,887000
419.0,1057000
200.7,753000
294.5,1600000
515.6,3710000
141.2,365000
316.8,870000
170.0,321000
144.0,280000
141.2,288000
115.2,248500
221.1,330000
252.7,740000
205.3,445000
97.5,198500
180.2,280000
131.9,336500
157.0,267000
107.8,315000
189.5,545000
170.9,274950
133.8,500000
129.1,299000
136.6,420000
165.0,620000
152.4,575950
265.7,666500
161.7,180000
129.1,261350
253.6,1030000
133.3,390000
152.4,253500
244.3,625000
146.8,255000
161.7,257000
176.5,869000
290.8,745000
325.2,1350000
197.9,350000
88.3,475000
159.8,540000
77.1,175000
61.3,100000
240.6,890000
148.6,280000
407.8,1050000
330.7,486000
265.7,670000
152.4,480000
139.4,440000
370.7,1500000
242.5,743700
136.6,449950
65.0,367000
367.9,1185000
83.6,201000
186.7,575000
180.2,295000
140.3,190000
187.7,742500
411.6,875000
372.5,1387000
285.2,600000
135.6,207000
302.9,650000
77.1,275000
222.0,1200000
105.0,262500
104.1,399000
131.0,139000
162.6,575000
96.6,580000
151.4,468000
128.2,230000
341.9,675000
116.1,318000
247.1,332100
57.6,175000
241.5,817000
199.7,1200000
136.6,525000
128.2,189000
156.1,629950
92.9,641500
151.4,490000
166.3,415000
82.7,250000
119.8,781000
224.8,400000
341.9,935000
280.6,575000
393.9,1660000
290.8,302300
83.6,355000
267.6,1538000
222.0,926250
134.7,300000
99.4,361500
161.7,616000
112.4,395000
195.1,245000
98.5,206000
304.7,706000
154.2,578000
285.2,341950
106.8,305000
158.9,575000
109.6,330000
197.9,445000
97.5,333000
234.1,598500
65.0,225000
245.3,570000
216.5,630000
262.9,779000
345.6,760000
175.6,322968
270.3,595000
120.8,321000
257.3,653000
234.1,750000
124.5,530000
98.5,352750
230.4,424950
206.2,427000
299.1,558000
148.6,438200
59.5,340000
335.4,830005
317.7,548000
170.9,411715
259.2,865000
544.4,1750000
320.5,688000
218.3,399950
116.1,555000
185.8,677000
210.0,539000
140.3,410000
167.2,472000
224.8,755000
162.6,269900
247.1,667400
245.3,1220000
135.6,544000
145.9,800000
93.8,315000
111.5,227000
375.3,765000
169.1,625000
539.8,1875000
279.6,822600
177.4,515000
152.4,377000
137.5,600000
234.1,525300
263.8,760000
78.0,202000
160.7,470000
291.7,810000
137.5,175000
178.4,440000
71.5,197000
93.8,254000
135.6,405000
87.3,416000
263.8,779950
177.4,200000
225.8,658100
149.6,397000
258.3,815000
107.8,345000
171.9,305500
197.0,340000
243.4,330000
191.4,269000
98.5,349950
139.4,431000
221.1,735000
282.9,414000
157.9,619500
115.2,675000
131.0,380500
81.8,253000
68.7,157500
188.6,627000
194.2,469500
85.5,319950
109.6,249500
117.1,485000
342.8,1125000
157.9,314500
71.5,220000
187.7,444950
188.6,598000
249.9,699850
162.6,595000
303.8,735000
216.5,542500
159.8,450000
224.8,298500
66.0,403950
66.0,271000
140.3,335000
149.6,305000
174.7,630000
113.3,253000
191.4,395000
124.5,265000
95.7,225000
252.4,338500
126.3,300000
117.1,255000
208.1,337000
193.2,324900
256.4,821000
278.7,500000
307.5,885000
151.4,360000
83.6,304000
81.8,376000
150.5,425000
149.6,1180500
160.7,187000
152.4,710000
170.9,585000
436.6,1400000
418.1,1980000
165.4,250000
353.0,950000
276.9,725000
258.3,505000
52.0,90000
191.4,400000
105.9,407000
175.6,651000
194.2,485000
321.4,460000
122.6,369000
115.2,355000
75.3,155000
174.7,1000000
249.0,419625
189.5,435000
202.5,379000
173.7,293000
214.6,592100
104.1,362000
124.5,227000
117.1,335500
111.5,213000
223.0,338000
87.3,163500
79.9,199988
222.0,1185000
290.8,320000
329.8,450000
136.6,249900
84.5,223000
244.3,631000
165.4,350000
132.9,279000
253.6,310000
83.6,185000
161.7,445000
269.9,365000
207.2,333500
156.1,385000
115.2,345000
300.1,1260000
237.8,440000
241.5,444500
111.5,340000
154.2,680000
105.9,420000
283.4,438500
74.3,109500
157.9,461000
244.3,968000
182.1,355000
109.6,249000
182.1,256500
394.8,1810000
181.2,269000
334.5,1350000
191.4,885000
152.4,455000
253.6,980000
142.1,412500
284.3,740000
265.7,1298000
95.7,326000
228.5,568500
232.3,620000
170.0,283000
262.0,875000
348.4,1310000
192.3,289950
165.4,252500
204.4,376000
301.0,635700
267.6,710000
145.9,440000
295.4,439000
121.7,455000
84.5,225000
135.6,250000
316.8,585000
252.7,685000
211.8,420000
62.2,245000
137.5,275000
216.5,270000
201.6,767250
163.5,229000
115.2,400000
484.0,2195000
260.1,665000
191.4,500000
219.3,355500
220.2,369000
66.9,338500
88.3,256000
183.9,470000
236.0,675000
256.4,369950
274.1,615000
338.2,1200690
199.7,950000
256.4,799500
78.0,187000
268.5,598000
191.4,429950
157.9,347950
330.7,851000
112.4,205000
147.7,225000
243.4,705000
296.4,535000
134.7,222500
118.0,313500
253.6,632000
170.9,467000
183.0,339000
297.3,712000
98.5,335000
161.7,470000
75.3,367000
228.5,440500
195.1,305000
142.1,635000
155.1,1020000
109.2,342000
197.9,283000
229.5,430000
157.9,245000
241.5,355500
135.6,395000
186.7,324900
122.6,660000
292.6,570000
182.1,552321
190.5,1100000
167.2,237000
112.4,402000
170.0,470000
174.7,395900
79.9,442000
268.5,795000
129.1,190500
310.3,808000
189.5,500000
279.6,775000
196.0,300000
196.0,496000
233.2,448000
257.3,645000
104.1,464600
142.1,590000
167.2,399000
95.7,305000
112.4,478000
101.3,598800
166.3,430000
144.0,433000
223.0,420000
229.5,585000
108.7,255000
104.1,305000
96.6,396000
228.5,347500
342.8,900000
182.1,425000
178.4,429000
155.1,540000
124.5,324950
242.5,1049000
143.1,221000
152.4,405000
195.1,1150000
179.3,588000
132.9,234950
225.8,580000
228.5,637000
231.3,704000
81.8,210000
196.0,772000
171.9,763000
191.4,213500
126.3,255000
185.8,423500
168.2,520000
207.2,550000
169.1,795000
254.6,495000
251.8,455000
84.5,85000
183.9,239000
96.6,184900
261.1,386000
185.8,415000
142.1,387000
474.7,2140000
291.1,685000
187.7,340000
69.7,422000
183.9,442000
111.5,280000
332.6,1150000
186.7,279000
160.7,569000
553.7,1355000
79.9,209950
127.3,468000
126.3,237100
235.0,336000
156.1,500000
146.8,290000
361.4,1185000
148.6,365000
111.5,146300
163.5,554000
155.1,424000
431.1,1348000
167.2,508500
112.4,244500
118.9,206000
153.3,643500
147.7,372500
176.5,630000
139.4,418000
249.8,425000
301.9,800000
89.2,208000
153.3,476000
157.0,277500
259.2,478000
214.6,890000
166.3,450000
114.3,205000
150.5,665000
226.7,518000
195.1,465000
282.4,330000
231.3,449400
249.9,829000
203.5,450000
138.4,310000
235.0,615000
191.4,605000
183.0,437500
130.1,545000
341.9,770000
278.7,600000
133.8,560000
718.1,1920000
108.7,457000
164.4,585000
172.8,560000
71.5,345000
354.9,550000
296.4,589950
122.6,327000
160.7,800000
93.8,150000
105.9,425000
79.9,350000
143.1,273000
200.7,750000
134.7,240000
170.0,400000
151.4,230000
232.3,372000
136.6,459500
221.1,582000
201.6,465000
197.0,386000
142.1,546000
251.8,278000
265.7,540000
260.1,529000
104.1,554000
160.7,210000
93.8,225000
218.3,561600
265.7,300000
398.1,1650000
377.2,1017100
121.7,150000
215.5,400950
205.3,620000
194.2,449000
208.1,630000
109.6,336000
144.9,299950
183.0,352500
78.0,150000
78.0,175000
170.0,305000
415.7,2574000
167.2,607500
116.1,505000
226.7,280500
270.3,610000
284.3,381000
207.2,482000
118.0,379950
399.5,2500000
146.8,425000
238.8,580000
79.9,605000
76.2,194000
194.2,546200
330.7,1395000
172.8,315000
83.6,465000
107.8,330000
288.0,795000
213.7,265000
288.9,1300000
105.0,126500
271.3,760000
114.3,540000
203.5,446000
79.0,170000
139.4,379000
429.2,1400000
292.6,800000
120.8,260000
293.6,820000
192.3,449950
166.3,392000
153.3,465000
192.3,449950
146.8,520000
201.6,546800
206.2,825000
133.8,337000
66.9,333000
104.1,380000
183.0,280000
131.9,202000
209.0,585000
244.3,435000
440.4,1200000
118.9,364000
117.1,300000
179.3,558000
97.4,199950
152.4,515000
221.1,590000
235.0,813500
250.8,725000
216.5,490000
200.7,277000
136.6,325000
211.8,649800
118.9,425000
79.0,460000
428.3,750000
249.9,469000
226.7,566000
179.3,407500
74.3,353500
225.8,524000
184.9,264950
236.9,547500
127.3,264500
187.7,507500
144.9,560000
521.2,995000
330.7,835000
197.0,440000
271.3,1015000
124.5,300000
114.3,125000
263.8,986000
193.2,315000
192.3,320000
372.5,972000
203.5,760000
160.7,265000
116.1,355000
120.8,300000
193.2,474950
202.5,470000
151.4,437500
170.9,520000
127.3,237600
88.3,162950
157.0,457000
165.4,635000
263.8,735000
185.8,910000
145.9,346500
220.2,655000
149.6,425000
120.8,137000
243.4,557500
284.3,415000
258.3,830000
396.7,949000
121.7,420000
102.2,353000
137.5,560000
118.0,445700
118.0,226000
82.7,358000
137.5,501000
301.0,609000
397.6,734950
298.2,725000
173.7,350500
370.7,610000
107.8,605125
273.1,1388000
171.9,550000
98.5,335000
102.2,397000
110.6,240000
95.7,240000
105.9,262500
210.0,440000
105.9,160000
172.8,427000
379.0,920000
304.7,2300000
266.6,480000
213.7,615000
207.2,736500
178.4,542500
65.0,191000
254.6,730000
319.6,1225000
60.4,129000
139.4,284000
231.3,645000
123.6,218000
296.4,675000
147.7,575000
77.1,225000
168.2,626000
270.3,499950
202.5,405000
101.3,152500
200.7,325000
196.0,475300
202.5,485000
195.1,720000
131.0,465000
94.8,489000
472.9,3100000
194.2,288000
125.4,225000
246.2,499000
327.0,632000
189.5,580000
217.4,730000
164.4,325000
102.2,421000
138.4,316000
135.6,415000
125.4,401000
95.7,229950
169.1,539950
108.7,335000
134.7,339000
204.4,414950
149.6,650000
249.9,445000
171.9,295000
209.0,975000
146.8,296500
188.6,440000
175.6,420000
198.8,302000
164.4,350000
308.4,667000
152.4,645000
169.1,430000
131.0,413000
115.2,420000
165.4,495000
393.9,2187730
331.7,965000
176.5,500000
93.8,636100
266.6,720000
150.5,298000
137.5,409000
246.2,370000
131.0,230000
126.3,290000
272.2,420000
325.2,917000
293.6,957000
158.9,482000
202.5,488000
266.6,760369
139.4,170000
197.0,625000
147.7,357000
170.0,583000
112.4,173250
147.7,414050
97.5,400000
144.0,537000
192.3,465000
161.7,425000
157.9,445000
111.5,179950
158.9,275000
170.9,190000
176.5,385000
213.7,303000
90.1,165000
118.0,600000
290.8,710000
393.0,875000
137.5,269950
307.5,838000
147.7,670500
157.0,420000
157.0,370000
139.4,360000
215.5,562500
306.6,360500
134.2,389999
175.6,450000
163.5,247500
97.5,208000
183.9,455000
197.0,379400
70.6,190000
120.8,326188
107.8,168000
217.4,314000
251.8,630000
133.8,550000
183.9,530000
156.1,637500
129.1,400000
288.0,700000
156.1,272000
251.8,600000
78.0,450600
194.2,550000
104.1,225000
112.4,132825
112.4,219950
180.2,580000
179.3,568000
118.0,406000
156.1,469000
194.2,415000
92.9,390000
125.4,251000
304.7,750000
222.0,845000
172.8,350000
128.2,322000
285.2,664500
203.5,988000
184.9,625000
86.4,675000
192.3,503000
201.6,431000
177.4,250000
195.1,268500
330.7,1070000
212.7,295000
197.9,780000
200.7,354000
79.9,305000
267.6,733000
195.1,640000
219.3,840000
341.9,1475000
144.9,525000
156.1,625000
128.2,350000
242.5,650000
80.8,435000
112.4,660000
106.8,350000
288.9,435000
236.9,375900
225.8,272000
135.6,233000
123.6,500000
189.5,540000
220.6,712000
230.4,425000
146.8,242000
254.6,515000
178.4,415000
204.4,375000
84.5,182500
172.8,310000
140.3,360000
364.2,889000
123.6,450500
182.5,342000
141.2,413000
345.6,960000
71.5,180000
298.2,770000
99.4,224400
132.9,280000
155.1,500000
66.0,153000
178.4,385000
69.7,325000
205.3,315000
154.2,294999
177.4,175000
177.4,299000
72.5,146000
153.3,290000
300.1,1776000
75.3,367500
255.5,535000
153.3,334999
182.1,655000
259.2,1298000
207.2,480000
118.9,465000
115.2,297950
172.8,590000
223.9,805000
182.1,204250
158.9,500000
323.3,490000
323.3,2500000
275.0,750000
248.1,405000
65.0,209995
262.9,680000
104.1,355000
121.7,280000
158.9,385000
204.4,505000
307.5,429900
211.8,560000
152.4,231000
69.7,135000
327.0,800000
252.7,420000
154.2,360000
237.8,642000
100.3,379950
190.5,745000
248.1,630000
160.7,250000
92.0,275000
330.7,435000
65.0,175000
174.7,560000
173.7,325000
232.3,1185000
238.8,399950
273.1,752000
365.1,1200000
199.7,400000
123.6,240000
299.1,640000
251.8,564450
151.4,300000
156.1,286000
179.3,531800
198.8,502000
378.1,993500
125.4,450000
396.7,997950
122.6,526000
195.1,335000
66.0,187250
218.3,735000
109.6,425000
116.1,110000
138.4,305000
92.9,212000
376.3,1380000
213.7,298950
123.6,525000
297.3,707000
240.6,695000
240.6,796500
188.6,420000
250.8,625000
155.1,620000
287.1,1450000
246.2,549950
133.8,275000
262.0,705000
157.0,197000
131.9,265000
166.3,297000
122.6,207500
140.2,410000
149.6,268000
144.0,330000
107.8,417500
232.3,760000
143.1,499000
177.4,620000
217.4,315000
191.4,624950
182.1,525000
106.8,300000
216.5,299900
205.3,299000
302.9,1880000
176.5,265000
149.6,280000
124.5,124740
294.5,1085000
412.5,1970000
127.3,219000
131.9,569950
95.7,212500
169.1,680000
246.2,1457000
84.5,300000
156.1,629950
144.0,349900
258.3,690000
378.1,1454000
301.0,1288000
339.1,696000
202.5,650000
230.4,640000
295.4,499950
337.2,490000
293.6,685000
127.3,387500
99.4,401750
202.5,254950
224.8,500000
305.7,856500
132.9,552000
175.6,506500
163.5,500000
207.2,280000
151.4,308000
218.3,613500
144.0,255000
329.8,545000
252.7,620000
161.7,450000
170.9,279000
186.7,625000
155.1,274950
169.1,423000
66.9,350000
220.2,305000
197.0,368000
119.8,232000
167.2,250000
114.3,220000
128.2,435000
68.7,350000
159.8,206325
159.8,339000
195.1,399000
112.4,529000
205.3,640000
229.5,735000
256.4,378000
236.0,775000
478.5,2250000
317.7,1350000
210.9,380000
210.9,624900
136.6,379770
118.9,340000
262.9,515500
183.0,600000
129.1,400000
94.8,364000
209.0,440000
74.3,285000
144.9,669000
195.1,475000
92.0,747000
98.5,317000
118.0,390000
254.6,1070000
229.5,1205000
183.0,580000
192.3,518000
93.8,147500
206.2,555000
101.3,427500
400.4,1735000
138.4,265950
65.0,247500
134.7,244000
197.0,578550
155.1,451000
168.2,489000
66.0,190000
236.0,475000
131.9,485000
226.7,530000
238.8,379000
287.1,1629000
190.5,739000
85.5,189950
215.5,637500
320.5,2225000
154.2,209950
105.0,460000
236.9,543500
224.8,376000
136.6,430000
188.6,515000
214.6,580000
313.1,600000
176.5,476800
180.2,815000
224.8,455600
93.8,270000
251.8,1200000
124.5,525000
121.7,242000
246.2,715000
175.6,475000
239.7,370000
325.2,788600
96.6,160000
179.3,800000
203.5,520000
142.1,725000
137.5,335000
336.3,919000
313.1,425000
195.1,420000
313.1,905000
208.1,435000
153.3,438000
244.3,725000
216.5,840000
183.0,425500
262.0,853505
54.8,398000
191.4,418500
175.6,826000
261.1,742000
136.6,180000
203.5,286000
133.8,421200
230.4,390000
258.3,739000
202.5,499900
310.3,670000
237.8,842500
148.6,492500
207.2,836500
83.6,334000
93.8,179900
146.8,563000
175.6,310000
200.7,335000
200.7,499950
131.0,658500
132.9,297000
221.1,725000
204.9,780000
95.7,252500
99.4,330000
215.5,525000
118.0,365000
238.8,500000
85.5,179950
166.3,440000
44.6,145000
230.7,331000
198.8,780000
176.5,855000
153.3,225000
140.3,199000
270.3,550000
460.8,1425000
251.8,805000
168.2,261000
87.3,347000
148.6,390000
245.3,436000
361.4,1802750
151.4,557000
77.1,135000
167.2,425000
191.4,648752
375.3,1388000
177.4,630100
260.1,739000
122.6,269000
113.3,250000
288.0,475000
51.1,290000
100.3,219000
81.8,416000
66.9,179000
188.6,302000
189.5,565000
145.9,281700
139.4,480000
295.4,775000
117.1,375000
129.1,345000
264.8,300000
192.3,364950
246.2,410000
113.3,231000
151.4,445000
165.8,530000
117.1,353500
128.2,209950
216.5,650000
78.0,325000
160.7,257000
207.2,337000
166.3,541000
211.8,577500
225.8,560000
346.5,979700
207.2,750000
71.5,407500
168.5,530000
178.4,235000
172.8,715000
255.5,795000
179.3,465000
181.2,287600
229.5,630000
151.4,445000
196.0,490000
138.4,565000
161.7,330000
176.5,463000
419.0,1870000
101.3,219500
159.8,622200
130.1,474800
194.2,465000
146.8,389950
243.4,650000
139.4,395000
188.6,304500
94.8,307000
143.1,485000
363.3,1562000
364.2,650500
295.4,960000
216.5,710000
241.5,540000
181.2,601000
301.9,463828
105.0,293000
243.4,597500
104.1,240000
167.2,284000
202.5,440000
182.1,340000
182.1,363000
106.8,270000
260.1,365000
121.7,428000
217.4,600000
132.9,405000
217.4,339900
119.8,275000
70.6,361600
258.3,325000
194.2,1050000
284.3,959750
103.1,210000
166.3,258000
170.0,468000
264.8,710000
131.9,268000
73.4,115000
213.7,500000
226.7,431000
121.7,241500
128.2,300000
259.2,982000
126.3,248500
233.2,665000
423.6,1215000
72.5,380000
131.0,220000
235.0,631500
118.0,386100
295.4,1050000
134.7,650000
189.5,545000
246.2,870000
115.2,380000
76.2,265000
175.6,645500
118.0,570000
311.2,1200000
144.0,605000
85.5,199500
88.3,445000
189.5,495000
173.7,594000
159.8,465000
94.8,160000
249.9,340000
287.1,870000
99.4,249000
190.5,500000
154.2,220000
261.1,368500
228.5,439950
114.3,179900
219.3,490000
160.7,425000
257.3,533300
164.4,447500
281.5,768000
221.1,285000
165.4,336900
143.1,415000
146.8,500000
297.3,337000
206.2,419950
208.1,290000
152.4,349950
108.7,330000
293.6,965000
195.1,515000
241.5,665000
151.4,265000
264.8,545400
237.8,350000
91.0,260000
509.1,2510000
200.7,355000
281.5,879000
330.7,833000
70.6,261590
210.0,512500
144.9,600000
210.9,417500
323.3,970000
176.5,316000
218.3,397500
222.0,1350000
346.5,840000
165.4,270000
151.4,312900
105.0,325000
198.8,680000
299.1,763000
74.3,375000
167.2,475000
75.2,219000
169.1,415000
53.9,90000
53.9,220000
269.4,616000
105.9,269500
98.5,395350
215.5,770000
320.5,840000
163.5,428950
313.1,800000
180.2,401000
234.1,303697
126.3,355000
74.3,350000
279.6,754999
217.4,982218
165.4,406500
390.2,1650000
159.8,565000
77.1,160000
101.3,220000
468.2,1284000
325.2,970000
100.3,115000
100.3,124000
100.3,157000
80.8,183000
262.9,527000
174.7,407193
334.5,970000
217.4,535000
189.5,245000
121.7,337000
136.6,630000
127.3,320000
100.3,228500
184.9,293000
121.7,447000
152.4,226500
164.4,436000
190.5,451000
108.7,315000
124.5,450000
208.1,635000
81.8,292500
201.6,329900
117.1,531000
174.7,725000
150.5,355300
149.6,280000
309.4,1095000
127.3,605004
64.1,260000
294.5,748000
184.9,776000
100.3,425000
173.7,230000
155.1,418000
260.1,440000
321.4,858450
179.3,390000
220.2,957000
109.6,507000
122.6,575000
125.4,700000
99.2,239950
146.8,253000
157.0,540000
475.7,1550000
367.9,805000
224.8,920000
177.4,496600
133.8,246000
215.5,350000
155.1,585000
129.1,450000
243.4,746000
282.4,598555
277.8,820000
161.7,266500
219.3,370000
208.1,625000
149.6,243500
65.0,340000
253.6,559950
165.4,315000
285.2,753000
191.4,800000
126.3,550000
132.9,465000
170.9,465000
185.8,710000
169.1,505000
216.5,690000
99.4,217500
86.4,500000
96.6,325000
182.1,500000
275.9,721500
204.4,924000
354.0,2005000
77.1,345000
364.2,825000
266.6,560000
237.8,599000
125.4,211000
115.2,425000
298.2,750000
157.0,479000
236.9,612500
301.0,605000
330.7,1364000
200.7,389900
284.3,710000
157.0,295000
141.2,275250
189.5,250000
219.3,709000
126.3,399500
185.8,225000
153.3,500000
232.3,364900
105.9,356000
198.8,616750
266.6,755000
77.1,327500
182.1,605000
105.0,179950
337.2,633000
163.9,349950
257.3,1080000
246.2,425000
232.3,990000
251.8,410000
231.3,590000
139.4,242000
107.8,775000
174.7,680000
124.5,217000
182.1,395000
188.6,572500
204.4,559900
236.0,845000
141.2,241000
219.3,1325000
124.5,475000
130.1,575000
281.5,455000
297.3,839000
146.8,475000
197.0,600000
152.4,515000
175.6,425000
158.9,565000
105.9,498000
252.7,739000
153.3,355000
166.3,263000
156.1,375000
204.4,322000
77.1,325000
71.5,290000
304.7,809950
193.2,969500
259.2,665000
385.5,635000
165.4,272450
135.6,427000
131.0,261500
201.6,488800
64.1,340000
278.7,398950
80.8,217000
294.5,799000
143.1,160000
118.0,447000
203.5,765000
409.7,1320000
259.2,445000
140.3,310000
167.2,380000
223.9,325000
209.0,345000
88.3,300000
265.7,530000
265.7,583500
144.9,410000
180.2,535000
332.6,2050000
189.5,345000
157.9,539000
343.7,590000
97.5,187000
157.0,270000
104.1,546000
138.4,520000
206.2,515000
200.7,990000
80.8,382000
176.5,1210000
313.1,900000
313.1,675000
81.8,460000
87.3,234000
124.5,399000
133.8,253500
162.6,475000
370.7,740000
265.7,799000
180.2,390000
130.1,421000
164.4,296500
158.9,895000
261.1,386000
146.8,424000
146.8,749000
133.8,523000
224.8,389000
179.3,270000
110.6,275000
208.1,287500
236.9,345000
85.5,427000
141.2,508450
135.6,705000
176.5,550000
132.9,380000
232.3,539900
66.9,330000
105.9,455000
327.9,510000
113.3,315000
122.6,206000
201.6,592500
187.7,744000
184.9,334500
247.1,886000
219.3,600000
254.6,850000
126.3,550000
114.3,184900
117.1,245000
96.6,370000
250.8,480000
167.2,579000
147.7,339275
126.3,425000
127.3,170000
308.4,950000
276.9,623000
125.4,477000
107.8,330000
137.5,600000
152.4,570000
249.0,515000
226.7,805000
271.3,555000
165.4,245000
201.6,638150
515.6,1650000
191.4,269950
97.5,195000
73.4,159100
93.8,550000
96.6,299000
290.8,1375000
83.6,249500
136.6,700000
100.3,275000
226.7,565000
234.1,425000
163.5,620047
169.1,480000
169.1,515000
282.4,420000
324.2,610000
226.7,849000
211.8,718000
183.9,295000
219.3,871000
361.4,430000
213.7,440000
84.5,405000
105.9,340000
222.0,675000
106.8,480000
216.5,362500
224.8,752888
89.2,255000
93.8,283700
220.2,335000
267.6,285000
223.0,278000
341.0,731000
105.9,335000
131.0,334200
142.1,642000
159.8,540000
150.5,299000
145.9,560000
184.9,852000
86.4,306000
144.0,440000
153.3,517000
74.3,379000
86.4,360000
236.9,645000
66.9,217000
57.6,255000
219.3,625000
163.5,680000
195.1,440000
230.4,615000
96.6,239000
153.8,462500
194.2,619400
234.1,975000
65.0,330000
374.4,985000
70.6,430000
603.9,2458000
170.9,778000
101.3,219000
276.9,1595000
176.5,715000
259.2,950000
118.9,425000
140.3,239000
85.5,310000
65.0,400000
183.9,428000
133.8,600000
254.6,415000
130.1,401000
210.9,292000
121.7,291750
156.1,227000
210.0,675000
125.4,397500
169.1,206000
314.0,1190000
198.8,360000
225.8,427500
87.3,115000
192.3,559000
140.3,420000
236.9,550000
65.0,282150
106.8,260000
217.4,428000
140.3,319950
192.3,1350000
106.8,552000
203.5,637000
183.9,213000
89.2,215000
202.5,590000
237.8,390000
210.9,287000
329.8,580000
123.6,424000
196.0,610000
322.4,1320000
144.0,623500
53.0,260000
188.6,906000
139.4,330000
85.5,275000
136.6,290000
106.8,599950
388.3,550000
157.0,289000
199.7,411000
216.5,826000
249.0,400000
161.7,342000
122.6,475000
292.6,1205000
230.4,455000
309.4,850000
93.8,185000
457.1,850000
145.9,239900
332.6,765000
206.2,437000
93.8,240000
133.8,395000
114.3,320000
158.9,525000
222.0,260000
263.8,450000
213.7,560000
210.9,310000
212.7,440000
123.6,458450
111.5,200000
200.7,430000
104.1,360000
194.2,311000
136.6,615000
210.9,575000
380.9,2027000
133.8,430000
111.5,400000
159.8,340000
86.4,351000
223.0,440000
182.1,298000
175.6,300000
147.7,310000
240.6,500000
79.9,399900
118.0,343000
105.0,415000
172.8,410000
167.4,320000
416.2,1990000
121.7,253000
215.5,630000
105.0,216000
202.5,540000
170.0,212000
217.4,300000
262.9,969950
149.6,715000
223.9,1321620
247.1,1444000
95.7,305000
129.1,458000
146.8,275000
216.5,550000
143.1,742000
145.9,700000
273.1,640000
115.2,352000
131.0,301500
203.5,630000
282.4,340000
172.8,477500
157.0,285000
176.5,255000
148.6,315000
235.0,830000
172.8,539950
222.0,980000
288.0,735000
246.2,536000
141.2,575000
140.3,500000
182.1,285500
210.9,498000
84.5,412000
195.1,607000
92.9,199000
256.4,492500
263.8,585000
172.8,326995
178.4,372500
78.0,528000
222.0,400000
195.1,344000
225.8,409950
174.7,625000
125.4,304950
200.7,381500
132.9,215000
263.8,345000
233.2,363000
157.0,240000
179.3,548050
66.9,314000
277.8,800000
213.7,400000
42.7,247000
115.2,540000
176.5,410000
197.0,525000
226.7,820000
306.6,1250000
109.6,244000
48.3,275000
192.3,577000
209.0,446950
190.5,457000
121.7,320000
116.1,210000
197.9,220000
209.0,589000
174.7,435000
141.2,375000
372.5,1735000
154.2,545000
315.9,970000
215.5,705000
347.5,915557
168.2,259000
294.5,1695000
156.1,427000
86.4,390000
222.0,363000
249.0,612000
166.3,380000
156.1,230000
145.9,580000
207.2,770000
117.1,207200
166.3,525000
226.7,925000
223.9,883000
165.4,455000
176.5,343500
89.2,244000
152.4,397000
79.0,180500
199.7,310000
258.3,315000
95.7,718000
179.3,279950
193.2,689000
327.0,828000
82.7,150000
152.4,505400
451.5,1680000
96.6,217450
262.0,677000
122.6,361000
240.6,620000
143.1,176000
89.2,330000
110.6,290000
257.3,711000
98.5,295000
372.5,1096500
105.9,257500
177.4,240000
217.4,645000
108.7,499000
119.8,321000
168.2,449000
169.1,515000
206.2,456000
355.8,865000
271.3,515500
244.3,576925
122.6,243000
130.1,253400
148.6,292000
138.4,271500
201.6,765000
118.9,375000
150.5,382880
244.3,852500
115.2,475000
120.8,462000
225.8,762400
175.6,330000
175.6,473000
226.7,550000
165.4,449500
262.9,744000
231.3,700000
144.9,511100
183.9,317950
192.3,542950
138.4,490000
287.1,760000
146.8,475000
482.2,1702500
250.1,435000
161.7,399000
180.2,627000
199.7,346500
122.6,412000
312.2,845000
171.9,373000
267.6,725000
224.8,376000
187.7,552500
211.8,365000
279.6,700000
236.9,315000
143.1,262500
211.8,660000
227.6,340000
274.1,660500
64.1,280000
74.3,267000
136.6,230000
170.9,417000
108.7,252000
217.8,791000
114.3,415000
106.8,339000
105.9,158000
154.2,535000
100.3,818900
159.8,550000
54.8,240000
119.8,590000
137.5,369300
241.5,510000
189.5,542500
90.1,262500
243.4,900000
423.6,1100000
162.6,368000
336.3,825000
154.2,343500
126.3,273500
189.9,1000000
220.2,770000
108.7,400000
154.2,225000
187.7,345000
235.0,450000
80.8,334850
341.0,605000
295.4,760000
173.7,390000
180.2,488000
392.1,3300000
447.8,1063000
223.0,608000
272.2,1385000
74.3,299950
204.4,818000
223.0,355000
517.5,1855000
183.9,660000
327.9,2367000
318.7,1211000
159.8,255950
179.3,475000
198.8,362950
103.1,452000
183.0,315000
151.4,330950
234.1,535000
210.9,479000
112.6,340000
175.6,312000
127.3,305000
164.4,270000
158.9,529999
110.6,587100
157.0,459800
156.1,451000
403.2,2475000
189.5,525000
103.1,250000
189.5,475000
178.4,235000
123.6,230000
151.4,581000
141.2,415000
141.2,522500
124.5,383000
232.3,315000
135.6,591000
291.7,750000
199.7,430000
291.7,712000
214.6,510000
66.0,480000
135.6,538000
67.8,464000
133.8,476000
105.0,349500
168.2,270000
251.8,740000
254.6,395000
157.0,498000
136.6,339900
262.9,539000
131.0,400000
201.6,225000
124.5,330000
230.4,1387800
184.9,490000
208.1,260000
277.8,469900
197.0,493000
271.3,740000
157.9,148900
150.5,475000
70.6,415000
114.3,229500
460.8,1355000
188.6,385000
170.0,230000
90.1,425000
92.9,189900
69.7,238000
243.4,968060
206.2,921000
278.7,380000
98.5,285000
183.9,449000
148.6,625000
185.8,318989
121.7,445000
104.1,750000
308.4,959000
220.2,330000
77.1,425000
87.3,280000
209.0,476500
187.7,556000
486.8,1862000
379.3,637000
134.7,405000
108.7,397000
330.3,895990
149.6,259000
89.2,420000
156.1,518000
128.2,425000
96.6,182500
128.2,549900
171.9,445000
161.7,452000
178.4,715000
186.7,559000
745.1,3300000
172.8,250000
407.8,1230000
221.1,276500
267.6,440000
262.0,543200
69.7,250000
162.6,625000
143.1,530100
105.9,549900
144.9,430000
275.0,835000
198.8,409500
148.6,329000
193.2,940000
144.9,539950
267.6,579950
233.2,881000
89.2,362500
104.1,243950
307.5,658000
100.3,218250
265.7,655000
138.4,255000
112.4,215000
208.1,1265000
425.0,2920000
148.6,424305
194.2,494000
210.0,560000
111.5,130000
230.4,468000
208.1,480000
144.0,475000
197.9,285000
266.6,765000
107.8,208000
225.8,372000
83.6,470000
262.9,451000
150.5,442200
233.2,330000
166.3,335000
152.4,280000
208.1,625000
173.7,345000
139.4,255950
138.4,570000
207.2,685000
158.9,273148
150.5,246500
209.0,349950
157.9,545000
139.5,403000
176.5,299950
308.4,792000
183.9,418000
155.1,332500
207.6,337000
99.4,212000
167.2,542000
276.9,622500
155.1,260000
243.4,525000
508.2,975000
286.1,1140000
87.3,500000
173.7,554000
192.3,343000
88.3,515000
119.8,492000
238.8,655000
148.6,290000
236.9,952500
93.8,235000
159.8,323000
204.4,1050000
35.7,265000
130.1,200000
170.0,419995
288.9,1500000
148.6,455000
334.5,660000
129.1,319000
194.4,390000
111.5,718500
101.3,474000
198.8,615750
186.7,551000
139.4,230000
325.2,790000
247.1,1230000
133.8,325000
258.3,705000
146.8,259000
116.1,306000
90.1,315000
102.2,392500
301.0,1065000
119.8,350500
354.0,825000
139.4,235000
247.1,650000
223.0,675000
172.8,265000
134.7,822500
210.0,705000
514.7,2630000
120.8,685000
149.6,630000
354.9,1250000
169.1,359000
540.7,784500
229.5,850000
282.4,410000
104.1,252000
174.7,618000
99.4,265000
144.9,465000
80.8,240000
92.9,217000
234.1,415000
157.9,274000
199.7,420000
147.7,1062500
433.9,1415000
167.2,618500
155.1,295000
93.8,400000
236.9,595000
343.7,1728000
125.4,261000
154.2,780000
129.1,589000
159.8,230000
276.9,690000
203.5,524000
114.3,380000
92.9,357500
232.3,330000
208.1,635000
262.0,934000
130.1,358500
136.6,401000
169.1,270000
191.4,705000
155.1,325000
143.1,384950
112.4,310000
318.7,829950
236.9,353000
98.5,170500
341.0,885250
410.6,2700000
144.0,245000
110.6,469000
120.8,455000
225.8,305000
398.6,840000
325.2,905000
156.1,219200
116.1,455000
94.8,195000
140.3,799000
84.5,285000
122.6,300000
83.6,83000
82.7,220000
115.2,174500
275.0,695000
94.8,255000
240.6,539000
102.2,552700
120.8,571500
111.5,263700
716.3,3300000
129.1,186950
132.9,520000
116.1,358000
78.0,210000
466.4,3650000
191.4,543000
185.8,330000
142.1,529000
65.0,295000
88.3,365000
128.2,473000
170.0,403500
166.3,544000
124.5,621000
141.2,672600
127.3,689800
136.6,613000
232.3,808000
98.5,301000
112.4,340000
85.5,206000
124.5,550000
89.2,325000
151.4,475000
170.9,432100
286.6,359000
85.5,490000
210.0,648360
160.7,340000
149.6,545000
51.1,115000
223.0,705640
182.1,300000
296.4,1650000
293.6,1137500
144.0,280000
179.3,245000
108.7,564000
234.1,849000
113.3,698000
89.2,319000
381.8,1450000
307.5,695000
206.2,680000
209.0,287500
140.3,465000
125.4,335000
224.8,602000
274.1,482000
117.1,220000
157.9,206000
308.4,1100000
136.6,491150
232.3,390000
245.4,393000
210.0,635000
107.8,490000
341.9,770000
150.0,665000
116.1,287000
114.3,410000
233.2,562000
143.1,475000
172.8,387500
250.8,580000
305.7,930000
250.8,625000
145.9,325000
181.2,235000
128.2,450000
223.9,745000
111.5,223000
164.4,630000
143.1,413450
265.7,720000
161.7,339000
262.9,1115500
397.6,839000
361.4,2950000
217.4,568000
131.0,269000
125.4,382000
102.2,574000
192.3,405000
219.3,572000
256.4,675000
113.3,165000
113.3,260000
113.3,196000
280.6,515000
322.4,810000
221.1,365650
210.0,651000
66.9,240000
160.7,299000
247.1,768000
95.7,397380
268.5,476000
82.7,315000
131.0,240000
75.3,325000
127.3,160000
210.0,435000
132.9,427500
233.2,450000
163.5,688000
132.9,285000
140.3,530000
122.6,195000
109.6,250200
144.9,1100000
229.5,732500
203.5,194250
149.6,526000
250.8,520000
142.1,526000
680.1,1135250
85.5,202000
277.8,645500
66.9,570000
162.6,325000
223.9,725000
115.2,192000
93.8,560000
257.3,283450
260.1,863000
130.1,815000
94.8,245000
265.7,1315000
396.7,1156000
210.9,480000
237.8,600000
83.6,329950
186.7,299500
157.0,460000
214.6,515000
141.2,405000
113.3,483000
201.6,377000
259.2,568000
163.5,355000
195.1,640000
132.9,270000
227.6,559950
169.1,515000
171.9,352000
173.7,595888
239.7,588000
341.9,1050000
162.6,260000
361.4,1600000
92.9,380000
205.3,802000
264.8,1325000
228.5,710000
244.3,600000
162.6,707900
102.2,179950
243.4,683000
111.5,222400
178.4,517000
157.0,410000
156.1,480000
319.6,430000
203.5,439950
303.8,797500
118.9,379000
121.7,575000
154.2,247500
250.8,385000
180.2,423000
141.2,550000
150.5,415000
194.2,693000
99.4,543000
185.8,465000
94.8,280000
223.0,1388000
230.4,665000
121.7,237950
224.8,440000
175.6,618000
172.8,572000
232.3,725000
183.0,454000
154.2,535000
171.9,249000
183.0,395000
175.6,690000
121.7,526500
173.7,325000
141.2,495000
285.2,825000
130.1,383000
182.1,320000
249.0,475000
188.6,275000
215.5,1150000
163.5,455000
173.7,262000
118.9,390000
160.7,300000
191.4,746300
95.7,267000
159.8,525000
112.4,570000
243.4,360000
172.8,1052000
233.2,699950
189.5,375000
223.9,625000
72.5,464050
205.3,470000
147.7,330000
207.2,537000
144.9,250000
274.1,835000
137.5,770000
264.8,650000
222.0,335000
161.7,350000
191.4,415000
249.0,788000
292.6,640000
226.7,388000
207.2,360000
207.2,692500
148.6,425000
148.6,645000
146.8,340000
263.8,713000
236.9,430000
157.9,280000
136.6,215000
156.1,306000
103.1,299900
197.0,534000
221.1,1160000
248.1,1165000
82.7,199990
291.7,946000
117.1,295000
85.5,475000
277.8,750000
289.9,1225000
93.8,183500
93.8,450000
94.8,180000
328.9,707000
83.6,230000
102.2,192500
184.9,309000
183.9,759000
375.3,1115000
116.1,462000
169.1,229000
105.9,399950
160.7,325000
108.7,512000
270.3,410000
90.1,210000
197.9,325000
234.1,685000
126.3,488000
150.5,247500
197.0,489000
250.8,725000
127.3,199950
234.1,670000
143.1,275000
242.5,1000000
138.4,255000
256.4,465000
117.1,259000
244.3,695000
167.2,505000
105.0,631500
109.6,630500
260.1,999000
170.0,740000
206.2,650000
173.7,554000
239.7,400000
154.2,529941
123.6,310000
123.6,389000
244.3,731781
102.2,502501
168.2,443000
191.4,607000
432.9,2147500
220.2,585000
225.8,1027000
174.7,315000
106.8,180000
125.4,322500
202.5,568500
313.1,813000
339.1,1085000
195.1,424000
62.2,235000
224.8,740000
70.6,415000
204.4,432000
409.7,1268890
120.8,676500
66.9,419000
202.5,650000
105.0,239000
207.2,900000
195.1,330000
191.4,510000
284.3,465000
261.1,1700000
236.9,490000
398.6,2680000
282.4,1000000
235.0,469950
120.8,536000
166.3,244950
142.1,575000
221.1,361000
223.0,650000
95.7,230005
301.9,293000
183.0,445000
180.2,280000
171.9,520000
362.3,780000
293.6,625000
133.8,239950
189.5,335000
197.0,612000
77.1,200000
291.7,345000
223.9,520000
203.5,855000
203.5,567500
112.4,208000
174.7,452000
223.9,555000
243.4,519000
171.9,474950
163.5,419000
79.9,390000
243.4,539000
223.0,569000
171.9,611000
375.3,760000
180.2,732000
324.2,1675000
294.5,919950
235.0,400000
300.1,785000
197.0,835000
152.4,640500
197.9,310000
133.8,355000
180.2,685000
104.1,202500
223.0,540000
168.2,295000
118.0,518000
125.4,250000
144.0,330000
150.5,481000
246.2,898000
233.2,570000
189.5,475000
154.2,265000
183.9,380000
249.9,790000
270.3,620000
252.7,709050
118.9,296500
200.7,475000
163.5,440000
74.3,405000
86.4,269500
189.5,520000
109.6,229500
185.8,335000
307.5,680000
290.8,1389000
213.7,740000
198.8,270000
205.3,510000
90.1,300000
249.9,1298890
175.6,675000
291.7,925850
133.8,255500
270.3,450000
121.7,280000
198.8,245000
101.3,344950
123.6,381000
435.7,1945000
177.4,1500000
162.6,232603
163.5,220000
168.2,600000
126.3,239000
160.7,400000
437.6,2180000
93.8,350000
223.0,562000
143.1,380000
137.5,511200
234.1,680000
112.4,350000
248.1,410000
281.5,1050000
133.8,391265
301.9,1410000
162.6,575000
197.0,316000
97.5,165000
181.2,850000
94.8,210000
169.1,325000
222.0,682000
130.1,430000
143.1,325500
220.2,385000
62.2,435000
224.8,550000
92.9,400000
195.1,503000
260.1,676000
87.3,180000
152.4,234000
256.4,734200
340.0,920000
285.2,1920000
102.2,224000
290.8,1400000
122.6,185000
136.6,554600
137.5,268000
210.0,675000
205.3,620000
143.1,396450
177.4,565000
163.5,410000
208.1,1190000
196.0,716125
129.7,225000
282.4,640000
105.9,374000
165.4,415000
313.1,592500
137.9,365000
207.2,600000
262.0,465000
146.8,254999
189.5,279000
252.7,460000
138.4,507000
144.9,291000
77.1,350000
91.0,90000
183.9,329000
341.9,909000
79.9,187000
171.9,580000
150.5,345000
208.1,497000
93.8,345000
149.6,313500
252.7,910000
193.2,399950
179.3,268000
209.0,559000
183.9,309000
182.1,410000
122.6,259000
273.1,950000
135.6,320000
216.5,1150000
243.4,394250
65.0,315000
105.9,480000
255.5,556000
230.4,450000
105.0,420000
257.3,890000
158.9,295000
199.7,410000
209.0,308900
275.0,1161000
213.7,665000
161.7,577000
262.9,959000
115.2,471000
202.5,560000
233.2,955000
615.9,1240000
213.7,579000
299.1,335000
210.9,485000
170.9,552000
354.9,950000
154.2,203700
312.2,412000
125.4,237500
275.9,866800
92.9,425000
110.6,200000
155.1,280000
111.5,140000
209.0,370000
96.6,550000
295.4,1411600
295.4,1505000
189.5,510000
107.8,351000
81.8,210000
212.7,449999
88.3,137000
93.8,270000
288.0,540000
237.8,565000
225.8,940000
77.1,385000
194.2,400000
188.6,365000
98.5,353250
101.3,455000
315.9,475000
178.4,571500
106.8,441000
368.8,810000
174.7,550000
139.4,736000
203.5,375000
235.0,717500
179.3,581000
140.3,629000
511.9,3800000
102.2,225000
160.7,315000
137.5,425000
106.8,346500
181.2,550000
221.1,565000
288.0,1001000
186.7,400000
210.9,724950
190.5,623000
60.4,295000
258.3,700000
120.8,482000
253.6,770000
291.7,310000
223.9,720000
109.6,355000
241.5,512000
130.1,303000
206.2,299000
154.2,285000
216.5,680000
133.8,285000
271.3,707000
163.5,690000
265.7,872000
194.2,290000
177.4,425000
304.7,925000
164.4,340500
85.5,365000
157.0,725000
229.5,811000
96.6,299000
113.3,287500
325.2,879950
70.6,135900
285.2,1225000
195.1,522500
154.2,399500
132.9,450000
150.5,218000
138.4,289999
108.7,540000
115.2,324950
270.3,718500
247.1,495000
206.2,260000
178.4,430000
258.3,402500
288.9,1415000
169.1,275000
164.0,250000
167.2,665000
246.2,425000
131.0,760000
153.3,447000
109.6,205000
74.3,191000
132.9,350000
306.6,789888
113.3,443000
327.9,695000
128.2,560000
131.0,550000
312.2,850000
210.9,352750
268.5,550000
162.6,774900
93.8,250000
351.2,962800
174.7,299500
74.3,250000
438.5,745000
98.5,279475
235.0,450000
183.9,307700
153.3,665000
175.6,375000
312.2,420000
58.5,148000
183.9,707000
92.0,399000
317.7,570000
319.6,853000
120.8,400000
189.5,615000
116.1,463000
182.1,600000
252.7,429000
301.9,980000
296.4,359500
238.8,715000
131.9,240000
197.0,455000
193.2,610000
254.6,675000
116.1,283500
199.7,235000
300.1,827000
79.9,353000
261.1,747500
96.6,341000
107.8,182000
136.6,250000
218.3,655000
154.2,405000
187.7,390000
82.7,275400
225.8,791000
135.6,424500
91.0,430000
239.7,865000
116.1,163000
291.7,920000
249.0,1028950
168.2,325000
194.2,315000
104.1,227000
166.3,179000
80.8,276000
293.6,335000
218.3,430000
168.2,266490
293.6,655000
154.2,635500
232.3,235000
267.6,885000
136.6,352500
135.6,450000
510.0,3635000
230.4,1050000
105.9,476000
170.0,375000
288.9,600600
244.3,567000
222.0,650000
162.6,190000
406.0,858000
94.8,435500
232.3,685000
143.1,252000
204.4,512500
180.2,423800
135.0,460000
170.0,434000
185.8,244000
130.1,348125
223.0,585000
129.1,230000
156.1,450000
169.1,393000
105.9,517000
98.5,400000
283.4,890000
90.1,205950
122.6,209000
175.6,430000
189.5,534000
220.2,735000
252.7,873000
183.0,475000
202.5,325000
277.8,500000
202.5,279000
133.8,350000
295.4,660000
152.6,324950
142.1,500000
121.7,187300
260.1,345600
140.3,400000
250.8,935000
206.2,374000
133.8,328000
120.8,257500
207.2,1003000
129.1,216500
256.4,1185000
297.3,360000
115.2,699999
182.1,535000
203.5,464950
328.9,925000
245.3,930000
247.1,727500
155.1,325000
286.1,695000
268.5,585000
167.2,319000
185.8,265000
180.2,359000
180.2,390000
89.2,374500
162.6,661000
215.5,900000
221.1,600000
602.9,2000000
150.5,512500
164.4,229500
215.5,589000
123.6,539950
317.7,640000
118.0,218250
236.9,675000
172.8,338000
94.8,231750
66.9,199900
414.3,1059000
170.0,263000
141.2,279950
100.3,395000
176.5,252500
492.4,1150000
127.3,205000
275.0,654000
89.2,200000
203.5,700000
370.7,2720000
111.5,306000
165.4,270000
244.3,340000
213.7,450000
298.2,580000
212.7,435000
258.3,690000
246.2,720000
170.9,403000
144.9,440000
111.5,178500
176.5,270000
66.0,129888
126.3,260000
277.8,339950
152.4,250000
339.1,680000
271.3,660000
341.9,1225000
170.0,550000
238.8,675000
253.6,981000
106.8,168000
395.8,1000000
117.1,320000
412.5,959000
213.7,372000
178.4,391500
100.3,390000
82.7,302000
153.3,495000
169.1,504500
215.5,555000
302.9,1550000
160.7,550000
308.4,1800000
154.2,655000
305.7,685000
211.8,721000
339.1,1518630
150.5,365000
187.7,458000
106.8,280000
180.2,628000
319.6,781500
185.8,295000
69.7,435000
131.9,300000
81.8,208500
249.0,930000
79.9,316000
121.7,249900
165.4,675000
133.8,447000
140.3,675000
195.1,546000
121.7,310000
118.9,190000
122.6,650000
161.7,585000
270.3,1430800
232.3,565000
102.2,174900
128.3,360000
89.2,234000
356.7,575000
204.4,315000
116.1,225000
221.1,370000
139.4,606000
131.0,272500
156.1,475000
139.4,270000
251.8,624000
160.7,355000
89.2,345000
221.1,342000
104.1,316000
275.0,539950
146.8,221347
173.7,330000
168.2,279000
236.9,850000
177.4,746000
111.5,478000
224.8,820000
286.1,2160000
357.7,820000
278.7,887000
126.3,159000
341.0,824000
210.9,812000
162.6,242000
329.8,625000
220.2,399888
155.1,289000
172.8,400000
414.3,1550000
100.3,345000
100.3,874950
211.8,875000
236.0,628990
237.8,535000
222.0,770126
266.6,710000
140.3,465000
204.4,359000
66.9,151000
275.9,820000
89.2,160000
131.9,535000
167.2,365000
287.1,708000
111.5,215000
377.7,1950000
238.8,390000
142.1,570000
139.4,383000
231.3,370000
282.4,454000
384.6,1400000
157.0,371000
132.9,530000
231.3,608000
125.4,450000
291.7,780000
217.4,290000
149.6,225000
308.4,805000
222.0,660000
109.6,299000
117.1,530000
167.2,680000
166.3,199900
163.5,224000
143.1,244000
117.1,485000
208.1,330000
151.4,509000
218.3,440000
125.4,244000
122.6,399700
181.2,519000
195.1,211000
323.3,950000
170.0,410000
245.3,750000
83.6,133400
144.3,240000
158.9,539000
315.9,688000
118.0,465000
275.0,936000
282.4,620000
132.9,429950
141.2,296475
169.1,330000
167.2,445000
252.7,846000
183.9,725000
236.9,369000
205.3,625000
197.0,535000
145.9,229950
121.7,229999
292.6,850000
359.5,589900
170.9,513000
104.1,401000
133.8,260000
213.7,525000
192.3,470000
131.9,205000
186.7,620000
111.5,229000
106.8,445000
115.2,215000
176.5,504975
218.3,495000
104.1,205000
94.8,152275
179.3,586000
249.0,779950
247.1,557000
204.4,610000
93.8,405000
214.6,320000
85.5,356000
281.5,794500
147.7,349000
254.6,549000
89.2,193000
208.1,700000
223.0,523000
265.7,565000
275.0,500000
350.2,1450000
355.8,710000
255.5,333000
195.1,580000
139.4,289950
66.0,375000
257.3,505000
190.5,324950
182.1,490000
164.4,630000
305.7,595000
184.9,872500
163.5,490000
471.9,1900000
94.8,310000
125.4,450000
161.7,539000
328.9,888550
141.2,269950
26.9,142000
121.7,300000
278.7,780000
247.1,545000
197.0,278000
111.5,342000
176.5,190000
93.8,387000
171.9,279950
419.9,550000
186.7,439000
224.8,774888
253.8,480000
177.4,835000
327.0,1500000
206.2,771000
187.7,1225000
194.2,600000
146.8,305000
246.2,1388000
94.8,216500
99.4,370000
197.0,492650
126.3,431200
157.9,277500
169.1,278000
132.9,351000
384.6,850000
122.0,885000
147.7,399950
100.3,185000
253.6,440000
353.0,2395000
236.0,299000
168.2,299500
143.1,420000
129.1,234000
135.6,540000
218.3,649950
107.8,330000
325.2,840000
183.9,370000
116.1,410000
71.5,257000
178.4,350000
104.1,380000
106.8,344000
147.7,488000
84.5,465000
173.7,229500
224.8,445000
197.0,246000
253.6,545000
237.8,518000
243.4,565000
256.4,445000
269.4,968000
169.1,725000
173.7,315500
186.7,487585
87.3,246500
171.9,819000
235.0,349900
87.3,267000
169.1,480000
140.3,525000
192.3,578000
128.2,345000
118.0,499000
129.1,425000
170.9,268000
148.6,240000
137.5,147000
197.0,500000
273.1,1010000
354.9,991500
254.6,510000
405.1,1980000
143.1,484998
432.9,1280000
147.7,210000
109.6,450000
219.3,875000
172.8,529950
136.6,415000
277.8,590000
157.0,379950
61.3,385000
214.6,588000
71.5,252500
215.5,530000
127.3,385000
157.9,419000
89.2,175000
106.8,515000
270.3,945000
212.7,359900
210.0,419950
120.8,460000
171.9,255000
178.4,481000
178.4,719521
456.2,1080000
205.3,334000
211.8,675000
152.4,556000
183.9,900000
83.6,400000
182.1,724950
167.2,321000
396.7,1356920
141.2,171000
504.5,1360000
181.2,323000
203.5,491500
111.5,226000
202.5,580000
215.5,640000
96.6,619790
250.8,383962
130.1,373000
191.4,541338
72.5,254922
223.0,575000
269.4,650000
161.7,269950
72.5,270950
225.8,495000
205.3,794154
140.3,340768
83.6,375000
341.0,820000
107.8,555000
99.4,312500
88.3,450000
274.1,739000
131.9,320000
147.7,235000
119.8,275500
157.0,564000
124.5,263000
129.8,257000
348.4,725000
185.8,300000
209.0,328000
78.0,187500
102.2,400000
154.2,515000
202.5,1410000
135.6,235000
229.5,669000
116.1,282000
137.5,663000
208.1,279900
145.9,335000
301.9,689000
166.3,413100
193.2,506950
137.5,500000
335.4,540000
189.5,812000
357.7,1200000
300.1,370000
226.7,338000
138.4,185000
106.8,450000
83.6,451000
298.2,785000
362.3,850000
115.2,235000
163.5,1150000
131.0,377500
258.3,825500
300.1,1059500
427.4,880000
133.8,413800
111.5,504200
259.5,421500
275.9,855169
133.8,380000
137.5,580000
173.7,377000
229.9,329900
274.1,921800
131.0,529500
208.1,363990
300.1,834950
195.1,399000
179.9,338900
289.9,419950
192.3,493000
343.7,650000
197.9,456000
150.5,425000
138.4,348000
388.3,1040890
130.1,299000
324.2,1264000
120.8,155000
253.6,319500
170.0,274000
217.4,429000
131.0,267800
179.3,369950
281.3,480000
295.4,440000
274.1,839704
132.9,535000
94.8,290000
153.3,370000
98.5,405000
243.4,499431
170.0,275000
92.7,320000
192.3,425000
265.7,1450000
178.4,340000
112.4,299900
454.3,865950
317.7,720000
266.6,460000
148.6,375000
89.2,386180
161.7,280000
239.2,359000
340.0,785000
131.9,425000
285.2,575000
178.4,465000
386.5,1850000
304.4,720000
268.5,390000
318.7,2205000
314.9,1054690
272.2,915000
120.8,562000
116.1,349000
214.6,375000
126.3,479950
187.7,319000
118.0,325000
259.2,505657
215.5,340000
162.6,250000
188.6,349500
118.0,290750
251.8,715000
234.1,689950
124.5,425000
145.9,657000
249.9,359950
229.9,319900
210.0,532000
78.0,291000
159.8,675000
273.1,885000
387.4,1450000
400.4,780000
279.6,839950
201.6,645000
147.2,263000
103.1,345000
224.8,505000
132.9,522500
222.3,400000
115.2,543000
276.9,495000
275.9,549995
216.4,327555
310.3,690000
239.7,673000
188.5,384435
318.7,780000
309.4,1375000
299.1,950968
115.2,334950
139.4,489000
327.9,600000
117.1,282000
387.2,442000
95.7,220000
286.1,489000
99.6,250000
259.2,484259
380.0,1680000
167.2,450000
77.1,299000
211.8,450000
196.0,585000
145.9,660000
77.1,301500
382.8,949950
236.0,759990
190.5,355000
286.1,889950
222.0,629800
294.5,745000
115.2,379900
101.3,335000
430.1,809000
300.1,569950
326.1,723000
165.8,282000
219.3,569900
217.4,385000
150.5,420000
361.4,2250000
333.5,1205000
184.3,292000
152.4,645000
125.4,304500
253.6,489500
521.2,1583000
89.4,390000
282.4,815000
236.0,719000
208.1,331210
117.1,245000
298.2,465000
150.5,580000
146.8,540000
132.9,399000
171.9,328000
310.3,701000
248.1,408000
432.9,2641100
144.0,445000
322.4,672500
279.6,538000
365.2,450000
167.2,362500
145.9,414950
207.2,679950
225.1,290000
107.8,230000
133.8,439950
190.6,349900
258.3,550000
345.6,1050000
135.6,655000
127.3,385000
334.5,729999
131.9,523950
91.0,369000
166.3,509900
186.7,282000
220.2,387865
237.8,385000
176.5,536000
125.4,395000
246.2,545000
280.6,715000
139.4,348000
122.6,455000
289.9,575000
143.1,449950
167.2,364000
338.2,932990
226.7,710000
368.8,949990
191.4,326989
235.8,335606
396.7,1532500
122.6,299950
310.3,962000
147.7,395825
251.8,419354
291.7,920000
134.2,366000
225.8,480000
127.3,388000
469.2,2320000
172.8,730000
495.2,950000
158.9,358990
246.2,398651
240.6,530000
242.5,610360
164.4,436110
346.5,925000
224.8,449950
309.4,760000
177.4,293000
201.6,695000
226.4,285000
388.3,1255780
167.2,379900
238.8,472000
194.2,300000
259.1,272000
270.0,418395
236.9,465000
329.8,659950
147.7,484950
181.2,359000
301.9,519000
426.4,1710000
285.2,535000
281.5,622950
242.5,515000
292.6,330000
115.2,318000
156.1,439000
206.2,540000
445.9,1079000
288.0,435000
729.3,2700000
333.5,1100000
147.7,293467
208.3,328000
231.3,550000
142.1,649000
199.7,435000
226.7,625000
118.0,415000
134.7,400000
249.9,979000
255.9,625250
246.2,665000
214.6,589500
135.6,437000
130.1,320000
204.0,333500
187.7,430000
397.6,995500
217.4,427874
206.2,334990
410.6,909500
146.8,210000
329.8,952990
140.3,622500
126.3,515000
189.5,350000
104.1,310000
417.1,700000
330.7,907687
199.7,741500
197.9,395000
277.8,559950
171.6,215000
242.5,390000
155.1,425000
172.8,472000
319.6,1330000
326.1,695000
161.7,545000
208.1,389950
144.0,380000
129.1,288790
232.3,432500
251.8,615000
159.8,500000
163.5,615000
210.9,500000
157.0,622000
371.6,802945
267.6,1260000
137.5,598950
181.2,430000
250.8,515000
205.3,1262000
220.2,400000
121.7,390000
223.9,450000
312.2,804995
282.4,825000
198.8,435000
159.8,398000
246.9,411605
137.5,315000
125.4,455000
106.8,452950
157.0,380000
118.0,340000
246.7,409950
81.8,360000
431.5,1595000
118.0,440000
160.5,730000
181.2,408000
294.5,820000
114.5,360000
238.8,339990
144.9,515000
151.4,541000
233.2,375000
206.5,320000
114.3,325000
283.4,740000
251.8,450000
194.2,455000
133.8,292500
232.3,650000
254.6,530000
312.2,829995
211.8,395000
327.0,859990
122.6,342500
316.8,743000
253.6,345000
165.4,443000
132.6,260000
270.3,810000
301.9,570000
337.2,1563100
156.1,840000
211.8,950000
307.5,572800
119.8,305000
366.0,1695000
201.6,445000
305.7,801000
236.9,711000
105.9,268500
213.7,320000
248.1,500000
226.7,631625
149.7,850000
251.8,600000
187.2,988500
320.0,430236
284.3,1266520
190.5,689500
129.1,175003
115.2,459000
348.4,1180000
131.0,358000
227.4,447055
241.5,415000
309.4,1210000
107.8,495000
123.6,479000
262.9,1898000
149.6,249900
260.1,1465000
424.6,1037000
262.0,897000
238.8,1100000
158.9,685000
113.3,295000
153.3,619000
105.0,439108
138.3,260000
249.9,279000
142.1,380000
148.6,287000
92.9,377000
226.7,649950
117.1,445000
154.2,605000
110.6,475000
141.2,399000
301.9,718000
436.6,1400000
137.5,341000
221.1,818000
152.4,759000
153.3,547500
492.9,2700000
118.7,358000
111.5,412000
64.1,245000
297.5,460940
125.1,321000
275.0,633634
68.7,290000
111.5,445000
401.3,887250
214.6,739000
138.4,429900
137.5,459000
137.6,240000
160.7,566950
362.3,1040000
105.0,343000
300.1,572115
364.2,918000
110.6,555000
214.7,399440
168.2,450000
305.7,648000
301.9,580000
236.3,415000
128.2,527500
132.9,384000
324.2,692000
84.5,455000
286.1,1280000
211.8,415000
154.2,975000
308.4,799950
156.1,545000
240.1,429900
206.0,275000
230.4,498000
242.5,754950
301.0,895000
331.6,580000
295.5,379900
178.5,245000
145.9,417000
180.2,555000
180.2,555000
205.3,353000
118.9,539000
141.2,434900
114.3,325000
137.5,650000
242.7,379950
218.3,700000
120.8,675000
187.7,379000
198.8,571000
128.2,475000
253.6,769900
392.1,633000
145.9,635000
433.9,1238000
127.3,524000
304.1,485000
360.5,1030000
138.8,650000
272.2,754842
241.4,428900
208.3,329900
262.9,1035290
251.8,544999
215.5,449950
252.7,635000
153.3,599000
132.9,478000
194.2,388000
340.0,809950
392.1,1060000
134.7,659000
321.4,971971
125.4,389000
278.7,355000
274.1,551500
235.0,417838
432.0,1750000
66.0,399950
283.4,740000
106.8,335000
316.8,2250000
127.3,667000
328.9,920000
127.3,368000
159.2,307000
339.1,550000
277.8,594491
305.1,460458
329.8,859000
172.8,399950
159.8,547500
236.0,310000
303.8,939000
91.0,329900
106.8,436000
169.1,320000
146.8,375000
135.6,392137
269.4,520000
243.4,535000
124.5,407000
303.4,424950
100.0,290000
156.1,399000
179.3,439990
267.6,635000
208.1,635000
241.0,351000
112.4,437500
349.3,919204
334.5,923990
190.5,639888
140.3,675000
239.7,899900
155.1,252000
296.4,925000
118.9,552000
252.5,388500
127.3,548000
166.7,254950
475.7,1237500
200.7,629000
202.5,734000
138.4,309000
274.1,554950
277.8,785000
250.8,550000
290.8,1010000
336.3,1575000
230.5,309000
160.7,328423
131.9,345000
293.6,660000
122.6,385000
93.8,459000
173.7,248000
485.0,1481000
210.0,379000
403.2,2945000
150.5,395000
211.8,535000
315.9,970000
77.1,205000
214.6,310000
77.1,334500
383.7,995000
190.5,370228
190.5,383000
148.6,384500
296.4,865000
358.6,1051000
189.5,502000
357.2,1750000
246.2,569995
318.7,749950
225.8,550000
267.2,525000
236.9,516000
380.9,1350000
253.6,440000
165.4,660000
174.7,261950
287.1,551000
228.5,665000
270.3,610000
270.3,645000
179.3,536751
131.3,260000
374.4,1312000
267.6,429900
219.3,535000
99.4,462550
135.6,602000
353.0,730000
110.6,300500
297.3,675000
183.0,415000
262.9,614000
244.3,385000
252.7,594000
293.6,860000
350.2,1104500
325.2,775000
251.8,430760
201.6,755000
143.1,640000
174.3,613500
345.6,780000
292.5,550000
301.0,789500
310.3,592000
224.2,454950
232.3,475000
109.6,659000
268.5,570000
207.2,347500
164.2,205000
134.7,380000
272.2,718000
251.8,515805
334.5,1029280
167.2,437718
212.7,450000
140.3,515000
101.3,204000
118.0,360000
143.1,550000
272.2,650880
405.1,1789950
338.2,895900
225.8,585000
141.2,380000
253.6,565997
226.7,459000
146.8,550000
131.9,500000
262.0,461500
470.1,2150000
246.2,790000
138.4,735000
284.3,588000
301.0,724500
262.0,749000
384.6,720000
91.2,250000
228.5,790000
236.6,392440
170.4,280000
290.8,1333000
253.6,649000
128.2,457000
436.6,2225000
216.5,453000
160.7,329780
218.3,1050000
371.6,771005
311.2,1300000
142.1,607500
149.6,278000
243.4,475000
120.8,270000
333.5,1302000
231.3,778983
122.6,221000
167.2,338800
312.2,834995
299.1,550000
233.6,575000
290.8,649000
252.7,545000
129.1,625000
457.1,1042000
198.3,611000
161.7,300000
237.8,577000
206.2,349990
177.4,650000
91.0,378000
181.2,313200
385.5,1206690
103.1,252500
116.1,308000
307.5,803100
187.7,415000
307.5,785000
259.9,499950
171.6,216000
224.8,380000
187.7,345000
223.0,456500
163.5,382495
196.0,324950
250.1,436472
138.4,365250
367.9,919990
161.7,316475
180.2,425000
90.1,302860
172.1,298000
446.9,3204000
523.5,950000
141.2,333000
195.0,289950
116.1,419950
101.3,306000
298.8,498445
275.9,775950
242.5,605000
124.5,520000
306.6,849990
151.4,767450
147.7,665000
121.7,525000
334.5,870515
200.1,390000
142.1,500000
126.3,399950
122.6,305000
154.2,255000
268.6,415000
217.4,716500
215.5,425000
203.5,540000
191.4,324747
161.7,385000
130.1,270000
409.7,1240000
165.4,672000
163.5,310000
409.7,3000000
515.6,2350000
225.9,427000
212.1,389950
172.8,309620
250.9,399895
272.2,442515
143.1,375000
208.3,309780
181.2,425000
107.8,405000
191.4,356250
114.3,550000
107.8,340000
208.6,362865
382.8,1360000
315.9,830000
396.7,1598000
268.5,855000
299.1,1205000
372.5,1385000
210.0,400200
105.9,235000
152.4,349950
326.1,659950
279.6,785000
98.5,475000
154.0,263900
182.1,342000
224.8,367899
317.7,657044
83.0,359950
280.6,879950
229.5,550000
186.6,279000
142.1,255000
147.7,609500
244.3,420000
300.1,570000
132.9,439000
208.3,310000
232.3,635000
114.3,399950
280.6,805000
323.3,1800000
309.4,1205000
315.9,745000
77.1,329445
288.9,588000
177.4,494815
300.1,591975
314.0,600000
262.9,673000
343.7,889950
234.1,500000
142.1,500000
410.6,890000
135.6,437000
134.7,419700
107.8,394000
152.4,342000
134.2,420000
150.5,580000
102.2,343000
124.5,390000
134.7,274000
282.4,700000
237.8,838000
254.9,300000
131.9,467000
65.0,395000
381.8,734000
248.1,480000
197.9,539000
286.0,459950
78.0,306500
167.2,408474
239.7,437000
118.0,160797
284.7,729000
172.9,499000
210.0,359950
385.5,929000
139.4,529950
150.5,461000
77.1,271115
289.9,653000
173.7,565000
115.2,529950
262.0,585000
151.4,609000
147.2,267000
263.8,557000
363.3,709950
160.7,625000
170.9,599000
374.4,920000
319.6,1285000
196.0,324500
225.8,471500
435.7,1015000
325.2,998000
192.3,262000
311.2,844000
226.7,745641
279.6,659950
191.4,339989
145.9,352500
146.8,525000
397.6,1138990
261.5,491000
243.4,675000
116.1,344000
301.9,530000
233.2,290500
118.0,335000
619.7,2998000
146.8,379000
126.3,385000
223.0,500012
146.0,366750
130.5,405000
93.8,356999
134.7,590000
131.9,294000
246.2,731500
281.5,837219
606.7,1600000
248.1,798800
108.7,482500
302.9,820000
137.5,319000
250.8,950000
431.1,1267500
148.7,378000
497.0,3345000
236.0,489950
95.7,345000
253.6,510000
294.7,432500
293.6,650000
264.8,750000
258.3,870000
358.6,900000
109.6,664950
131.0,391000
591.8,1800000
299.4,479349
241.5,661000
128.2,379000
150.5,415000
127.3,375000
113.3,355000
118.9,540000
71.5,290000
112.4,500000
268.5,416000
146.8,349900
142.1,465000
341.0,950000
171.9,496800
226.7,680000
203.5,920000
405.1,1289990
370.7,825000
118.0,292000
310.3,576000
139.4,670000
289.9,953007
230.4,399000
103.1,399000
256.4,847093
140.3,599950
135.6,499000
369.8,760000
308.4,1699990
303.8,1033890
248.1,515000
131.0,355000
229.9,319900
148.6,460000
119.8,305000
149.4,280000
120.8,394950
235.0,382000
129.1,560000
152.4,772000
207.1,324950
166.3,530000
92.0,384000
301.0,719950
118.9,319950
149.6,292000
341.0,1500000
106.8,425000
349.3,799950
122.6,499000
250.8,572000
137.5,459000
131.0,529500
291.3,374500
137.5,584000
373.5,1898000
98.5,505000
181.2,565000
310.3,799000
145.9,547000
179.3,550000
147.7,250000
345.6,960000
415.3,2950000
119.8,441000
138.3,265000
192.8,430000
131.3,286800
120.8,375000
137.5,312500
308.4,850000
142.1,390500
109.6,455000
110.6,455000
120.8,515000
158.9,362500
222.0,460000
326.1,540000
105.9,230000
122.6,425000
195.1,298450
223.0,344000
130.8,416286
237.8,379500
117.1,350000
119.8,258800
253.6,620000
151.4,295000
327.9,908990
252.1,485230
151.4,475000
537.9,1240420
207.2,635000
128.2,350000
122.6,345000
138.4,700000
118.9,490000
359.5,1299890
118.9,579000
120.8,552500
201.6,467000
163.8,305000
94.8,212000
170.9,429000
169.1,479950
248.1,825000
581.6,1180000
130.1,250000
107.8,289000
130.1,265000
114.5,344000
250.8,749000
236.9,492000
302.9,552500
156.1,653500
244.3,855000
117.1,333000
236.9,415000
320.5,445000
144.0,273500
385.5,969990
362.3,1200000
144.0,430000
197.9,392000
268.5,795000
113.3,457000
232.4,453000
124.5,376000
218.3,469995
168.2,540000
307.5,555000
150.5,445000
99.4,256950
207.2,297000
183.0,320000
427.4,805000
288.9,799990
324.2,680000
148.6,395000
182.1,732000
92.9,163800
92.9,220000
139.4,308625
225.2,375000
214.0,300000
174.7,284000
112.4,610000
345.6,955000
335.4,982000
126.3,359000
240.6,779380
407.8,1510000
212.7,635000
360.5,1060000
125.4,389500
201.6,359800
120.4,399950
142.1,320000
138.3,255900
197.9,380000
132.9,580000
221.1,545000
131.9,451300
320.5,852880
177.8,305000
91.8,295000
147.2,261000
244.3,560000
327.0,795000
221.1,384950
131.0,500000
299.1,640000
303.4,418000
236.9,799000
355.6,552900
155.1,539950
283.9,524225
92.9,424950
142.1,560000
324.2,715000
256.4,300000
133.8,405000
127.3,327000
295.4,859950
252.7,560000
167.2,379900
299.1,625000
220.2,398096
131.0,315000
338.2,939000
178.4,674000
210.6,306000
537.0,2321000
105.1,394950
273.1,914154
202.5,496000
130.1,430100
249.0,449990
249.0,502000
120.8,310000
259.8,349950
135.6,625000
391.1,1054710
216.5,680000
365.1,828950
149.4,274950
149.6,293000
297.3,795000
158.9,282900
283.4,909950
330.7,922755
246.2,424000
324.2,630000
384.6,810000
155.1,256703
159.8,386380
140.3,485000
134.7,275000
168.3,370000
98.5,499950
148.6,502000
142.1,654000
192.3,575000
337.2,500000
198.8,554000
186.7,360000
244.3,619990
207.5,317500
277.8,564950
115.2,545000
207.2,333700
343.7,1480000
212.7,530000
88.3,396000
104.1,305000
224.8,380000
159.2,305000
207.2,440000
235.0,459000
144.0,530000
288.9,600000
195.1,515000
199.7,275000
151.4,540000
207.2,445000
122.6,285000
147.7,480000
242.5,440000
133.8,287450
244.3,507950
314.9,750000
130.1,425000
176.5,420000
125.4,394950
317.7,635000
199.7,513000
196.0,380000
354.0,1130000
266.6,540000
115.2,352499
335.4,603000
214.6,685000
179.3,330675
129.1,275000
146.6,259950
159.8,441000
436.6,1135000
183.0,590000
135.6,497000
179.3,345500
120.8,562500
134.2,355000
79.9,345000
282.4,478000
225.2,391500
100.7,265000
233.2,395000
113.3,286308
118.9,370000
347.5,1079000
172.1,298900
239.7,775000
296.4,790000
315.9,1050000
101.3,249000
219.3,348000
228.5,358000
188.1,260000
409.7,765000
261.1,739000
417.1,890000
285.2,462000
184.3,380000
441.3,770000
256.4,641000
405.1,2300000
284.3,369000
257.3,1112000
277.8,357000
143.1,650000
130.1,563500
156.1,345000
210.0,479950
315.9,660000
272.2,800000
115.1,253101
195.1,555000
111.5,240000
111.5,380000
63.2,239000
249.9,760000
255.5,430000
227.6,660000
243.4,399963
105.0,411000
259.2,483453
169.1,469950
270.3,504058
238.6,425996
287.1,760005
135.6,699999
186.7,749950
242.5,674600
89.2,450000
142.0,272000
121.7,450000
163.5,643950
131.9,290000
153.3,378000
215.5,728050
244.1,499160
234.1,536000
267.6,419900
133.8,469000
203.0,374000
139.4,182568
164.3,334888
339.1,799900
200.7,383000
169.1,580000
220.2,351999
295.4,1325000
165.4,312000
246.2,674950
306.6,1105000
107.8,415000
321.4,1250000
129.1,208800
117.1,452000
273.1,837000
296.4,780000
365.1,1485000
331.7,1600000
224.8,369946
315.9,530000
230.2,386000
285.2,1900000
297.3,735000
537.9,1750000
147.7,489950
160.7,357500
214.0,329995
166.3,414000
231.3,533500
248.0,402395
242.5,725000
572.3,1275000
119.8,239800
330.7,616950
405.1,1258000
114.3,435000
338.2,925000
165.4,631500
105.9,399995
118.0,369950
258.3,475000
177.6,353000
213.7,329950
262.7,367000
225.3,447500
346.5,595000
67.8,325000
184.9,690000
120.8,329950
237.8,399500
227.6,555000
133.8,427000
105.9,375000
103.1,499000
243.4,750000
157.0,336900
181.2,555000
327.9,1275000
307.5,999950
243.4,975000
125.4,299000
161.7,479000
153.3,428000
175.6,409000
181.2,798500
417.1,689000
297.8,375000
383.7,775000
260.1,639983
184.3,300000
255.5,627000
161.7,275000
167.2,352800
143.1,565000
188.6,765000
307.5,644000
118.0,461000
223.5,270500
143.1,640000
262.0,457000
236.0,355000
114.3,356000
176.5,425000
271.3,562500
134.7,460000
498.9,790000
118.0,401000
236.9,1095000
285.2,850000
134.7,274500
393.0,1940000
323.3,808000
138.4,312000
111.5,320000
199.7,410000
342.8,725000
176.5,335000
157.0,519990
259.2,533112
179.9,274900
106.8,325000
189.5,350000
229.5,550000
175.6,311850
151.1,526000
209.0,375000
125.4,299999
135.6,436000
191.0,303000
107.8,525000
128.6,575000
102.2,420000
228.2,329950
418.1,1830000
351.2,1175000
122.6,499950
551.8,1149000
153.3,400000
155.1,246950
149.6,630000
313.1,561000
247.1,287000
157.0,600000
150.5,490000
120.8,330000
149.6,286950
327.9,1550000
329.8,880000
160.7,577450
223.0,405000
131.9,510000
113.3,465000
219.3,1300000
370.7,609000
117.1,336000
146.8,375000
163.5,294500
317.7,925000
266.6,730000
179.7,280000
113.3,500000
227.6,605000
172.8,379950
139.4,605000
145.9,720000
118.9,549900
296.5,427000
157.0,492000
147.7,419190
266.6,650000
239.7,379950
170.0,269800
271.9,407000
122.6,580000
159.8,389700
76.9,110000
96.6,230000
259.2,533380
131.0,295500
375.3,860000
313.1,812000
154.2,324500
84.5,193000
118.9,355000
219.3,525000
235.0,370950
436.6,1242000
258.3,950000
328.9,888990
146.8,705000
157.9,268000
148.6,305450
131.0,399900
146.8,495000
366.0,857326
413.4,845950
186.6,303210
253.8,343000
194.2,300000
91.0,334900
261.5,477500
294.5,820000
281.5,580000
118.9,350000
188.6,910000
231.3,414000
281.5,525000
136.6,650000
150.5,450000
512.8,1270000
297.3,699000
239.7,899000
190.5,353500
225.8,485000
284.3,782900
143.1,529000
121.7,514700
167.2,409316
220.2,388598
134.2,415000
134.7,521500
161.7,580000
330.7,882566
197.9,525000
276.9,515000
263.8,589410
317.7,757500
154.2,284000
106.8,338500
131.0,379500
131.9,550000
172.8,294900
124.5,345000
142.1,450000
140.2,420000
218.3,740000
93.8,286000
417.6,870000
146.8,727000
255.5,395000
175.6,535000
122.6,255000
199.7,260000
310.3,810000
171.9,359782
181.2,500000
393.9,1049990
250.8,810000
282.4,605000
228.5,730000
196.0,327000
72.5,370000
245.3,459000
482.2,2900000
224.8,365000
184.6,255000
66.9,375000
105.0,375000
261.1,518380
139.4,346000
129.1,302059
232.3,575000
362.9,549950
661.5,900000
136.6,397500
300.1,1075000
250.8,775900
378.4,510000
312.2,471275
149.6,288000
355.8,989990
136.6,300000
296.4,664950
301.9,699188
138.4,390000
269.4,670000
236.0,487000
312.2,769995
79.9,321950
280.6,613500
123.6,300000
239.5,400950
245.3,389517
117.1,255000
184.9,1080000
310.3,637850
263.8,636230
142.1,375000
165.4,586500
217.4,544000
222.0,425000
194.2,374950
105.9,294570
182.1,300000
254.4,395950
342.9,800000
217.4,439990
233.2,680000
260.1,677790
153.3,424950
98.6,223990
316.1,498000
236.2,359950
292.6,720000
279.6,530000
154.2,295000
164.4,255500
182.1,556000
175.5,277950
282.4,431000
317.7,780000
159.8,649000
161.7,447000
227.6,712198
110.6,277140
348.7,363000
319.6,598992
200.7,585000
354.9,1274950
104.1,380950
209.0,333490
143.1,520000
115.2,315000
107.8,487000
256.4,424950
146.8,542300
137.5,320000
347.5,1139990
181.2,425000
142.1,474950
169.1,307635
256.4,834538
279.6,769995
358.6,820875
231.3,595500
300.6,450000
262.9,695000
134.8,300000
270.3,515000
118.9,545000
103.1,365000
263.8,718500
131.0,279800
301.9,486940
281.5,525000
184.2,345000
226.7,613000
214.9,370000
117.1,449500
185.8,515000
106.8,346100
262.0,398500
107.8,310000
137.6,250000
407.8,1880000
145.9,695000
316.8,1085000
323.3,864327
318.7,749995
267.6,525000
277.8,659950
417.1,1800000
380.9,950000
359.5,1399950
74.3,265050
150.5,450000
270.3,915000
327.9,963000
250.9,270000
128.2,294000
190.5,700000
313.1,1065000
189.5,494900
149.6,415000
249.0,459990
330.7,882990
360.5,620000
169.5,375900
206.2,654000
384.6,1839900
122.8,215000
177.4,630500
321.4,855000
181.5,235245
278.7,770000
246.2,734990
239.7,880000
246.2,525000
314.9,775000
136.6,687015
177.4,663000
281.5,815000
272.2,1050000
153.3,433190
266.6,725000
149.4,279950
150.5,272167
125.4,468500
181.2,298000
314.9,303500
120.8,308000
207.2,646800
174.7,530200
313.1,405000
122.6,529000
271.3,675900
144.0,570000
213.8,375500
158.9,445000
268.5,1100000
195.1,477000
208.1,450000
135.6,427005
127.3,720000
349.3,2230000
233.2,450800
112.4,461100
277.8,1061600
158.9,590000
304.2,478830
306.6,760000
406.0,1025000
190.5,385000
121.7,500000
156.1,425000
123.6,552100
181.2,785000
287.1,615000
181.2,309000
102.9,369500
203.5,391000
147.7,465000
279.6,879950
123.6,372000
144.0,259000
117.1,374000
236.9,561000
120.8,610000
207.2,635000
108.7,235000
387.4,623300
156.1,412500
266.1,380000
151.4,497000
252.3,452000
162.6,312000
299.4,469950
241.5,775000
308.4,679990
125.4,288790
316.8,800000
146.0,299000
213.7,332000
95.7,525000
135.5,620000
203.5,452000
338.2,630000
259.2,485000
244.5,349950
270.3,499990
136.6,510000
208.1,1080000
214.6,494000
220.2,429900
276.9,505000
173.7,272000
164.4,671500
326.1,729950
304.8,471835
155.1,249950
256.4,424950
504.5,1240000
277.8,440000
294.5,495000
327.0,870000
153.3,559000
246.8,495000
207.2,722000
211.8,567500
259.9,440000
222.8,400000
218.3,459995
223.9,365000
146.8,389950
134.7,320000
162.6,415500
280.6,775000
161.7,590000
204.4,950000
173.4,378950
94.8,441750
229.9,335900
103.1,229800
176.5,645000
144.9,448000
233.2,706000
385.5,988990
154.2,716000
101.3,319000
177.8,300000
253.6,625000
229.5,773000
217.4,392000
247.1,549995
223.9,480000
132.9,355000
145.9,208400
279.6,831548
149.9,279500
221.1,445000
238.8,492500
236.9,435000
123.6,325000
107.8,453000
301.0,612995
251.8,540000
106.8,465000
172.8,799950
118.9,495000
168.2,579950
115.2,331000
135.6,580000
152.4,669000
465.4,2351960
120.8,539900
233.2,490000
251.8,627000
298.9,458000
153.3,440000
367.0,1698000
156.1,935000
317.7,641000
213.7,452000
279.6,625000
434.8,1350000
337.2,834950
327.9,1500000
211.8,305000
287.1,659000
51.1,353000
263.8,535000
290.8,999000
133.8,375000
263.8,685000
243.7,333000
36.2,245000
524.0,1999950
117.1,329950
83.1,403000
313.1,559630
116.1,344000
109.6,435000
141.2,430000
185.8,417000
295.4,895950
283.4,563950
239.7,332220
639.2,1488000
238.8,680000
274.1,825750
157.0,338000
259.2,535365
159.8,608000
268.5,930000
105.0,565000
135.6,495000
233.2,667000
314.9,495000
331.7,928990
211.8,345000
271.3,1065000
240.6,519995
298.2,924000
114.3,295000
353.0,472000
139.4,405000
233.2,410000
130.1,419500
134.7,382000
129.1,370000
293.6,553000
404.1,2065000
252.7,455950
119.8,331000
149.2,417250
414.3,490000
260.1,325000
301.9,705000
400.4,1174660
121.7,365000
115.2,403000
181.2,409000
167.2,391000
246.2,542525
76.2,339950
243.4,499990
369.8,1765000
154.2,608000
197.9,392000
166.3,320000
131.0,274800
123.6,325000
203.5,418500
236.0,300000
208.5,269950
188.2,358000
160.7,350000
363.3,782000
146.8,779000
233.2,685000
92.9,305000
154.2,350000
284.3,775000
183.9,317750
91.0,438000
97.5,325000
286.1,830000
176.5,353000
204.4,460000
126.3,370000
207.9,330000
240.6,569888
233.8,353900
326.1,695000
119.8,288790
207.2,334950
291.7,869950
311.2,557500
208.6,389990
131.9,455000
144.9,598500
261.1,750000
151.4,729999
161.7,299950
129.1,374950
99.4,386950
264.8,535000
380.9,890000
302.9,1050000
340.0,1107460
251.6,436952
167.2,365000
106.8,288000
207.2,700000
328.9,800000
231.3,899000
248.1,465750
132.9,485000
248.1,494995
237.4,255000
183.0,530000
183.9,435000
186.7,639000
118.0,440000
367.0,914500
173.7,580000
109.6,250000
131.9,410000
261.1,531155
130.1,358000
181.2,425000
179.3,326000
205.3,650000
244.3,749950
148.6,239950
137.5,315000
69.7,375000
119.8,375000
124.5,349000
94.8,450000
216.5,669950
219.3,504600
138.9,400000
350.2,1020000
268.5,518000
122.6,535000
216.5,337500
289.9,380000
275.0,875000
151.4,385000
485.9,1987500
292.6,649500
304.7,1050000
95.7,249000
290.8,525000
115.2,402000
330.7,1750000
201.6,359800
141.2,330000
118.0,433000
335.4,1010800
300.1,599832
213.7,312891
135.6,449000
162.6,495000
281.5,819995
141.4,407500
361.4,850000
426.4,1720000
429.2,1459000
299.1,579000
294.5,890776
91.0,352500
217.4,529000
150.5,484000
177.4,400000
224.8,649950
357.7,915000
299.1,534950
282.4,776000
139.0,370000
151.4,610000
390.2,850000
225.8,443000
372.5,1150000
140.3,453000
217.4,735000
250.8,810000
405.1,1555000
675.4,2238890
125.4,377500
128.2,482000
170.0,600000
136.6,420000
273.1,480000
103.1,406000
259.2,505000
352.1,1865000
331.7,942990
114.3,440000
127.3,390000
128.2,475000
99.4,420000
457.1,1408760
478.5,1378000
222.0,462500
228.5,579950
339.1,861111
399.5,1450000
149.6,290000
242.5,535000
162.6,585000
307.5,670000
472.9,3000000
98.5,346000
410.6,1325000
195.1,999999
153.3,599000
221.1,332000
108.7,336750
235.1,370000
92.7,324000
123.8,338500
409.7,1881580
107.8,402723
244.3,715000
107.8,459000
198.8,589999
183.9,405000
281.5,509900
138.4,327000
220.2,1057000
169.1,327500
117.1,249000
404.1,1375000
102.2,516500
190.5,465000
204.2,388000
114.3,549000
130.1,553000
131.0,530000
196.0,747450
147.7,305000
313.1,540000
418.1,750000
272.2,422000
229.5,337000
286.1,579950
210.0,341780
155.1,710200
143.1,690000
355.8,1700000
91.0,329000
134.7,330000
264.8,608500
105.9,230000
285.2,785000
156.1,610950
286.8,399950
450.6,3567000
176.5,579000
87.3,362500
160.7,645000
258.3,594866
258.3,625000
139.4,490000
66.0,399950
117.1,380000
173.7,270000
132.9,505000
141.2,385000
112.4,414500
236.0,347500
456.2,1222500
257.3,572000
110.6,475000
387.4,1088000
232.3,350000
142.1,520000
334.5,679950
316.8,1575000
289.7,541800
370.7,810000
415.3,1537000
132.4,467000
139.4,224000
210.9,507250
138.4,429000
234.1,610685
326.1,1007500
121.7,475000
142.1,360000
214.6,400000
94.8,402101
148.6,400000
94.8,325000
